Time,Hits
2025-08-19T04:59:31Z,1240
2025-08-19T10:00:01Z,1242
2025-08-19T16:00:01Z,1242
2025-08-19T18:00:01Z,1242
2025-08-19T19:00:01Z,1242
2025-08-19T20:00:01Z,1242
2025-08-19T21:00:01Z,1242
2025-08-19T22:00:01Z,1248
2025-08-19T23:00:01Z,1249
2025-08-20T00:00:02Z,1249
2025-08-20T01:00:01Z,1249
2025-08-20T02:00:01Z,1249
2025-08-20T03:00:01Z,1249
2025-08-20T04:00:02Z,1249
2025-08-20T05:00:01Z,1249
2025-08-20T06:00:02Z,1253
2025-08-20T07:00:01Z,1253
2025-08-20T08:00:01Z,1253
2025-08-20T09:00:01Z,1253
2025-08-20T10:00:01Z,1253
2025-08-20T11:00:01Z,1253
2025-08-20T12:00:01Z,1253
2025-08-20T13:00:01Z,1253
2025-08-20T14:00:02Z,1256
2025-08-20T15:00:01Z,1257
2025-08-20T16:00:01Z,1257
2025-08-20T17:00:01Z,1258
2025-08-20T18:00:01Z,1258
2025-08-20T19:00:01Z,1258
2025-08-20T20:00:01Z,1264
2025-08-20T21:00:01Z,1264
2025-08-20T22:00:01Z,1265
2025-08-20T23:00:01Z,1265
2025-08-21T00:00:01Z,1265
2025-08-21T01:00:01Z,1265
2025-08-21T02:00:01Z,1265
2025-08-21T03:00:01Z,1265
2025-08-21T04:00:02Z,1265
2025-08-21T05:00:02Z,1267
2025-08-21T06:00:01Z,1267
2025-08-21T07:00:01Z,1267
2025-08-21T08:00:01Z,1267
2025-08-21T09:00:01Z,1267
2025-08-21T10:00:01Z,1267
2025-08-21T11:00:01Z,1267
2025-08-21T12:00:02Z,1267
2025-08-21T13:00:01Z,1267
2025-08-21T14:00:01Z,1267
2025-08-21T15:00:02Z,1267
2025-08-21T16:00:01Z,1267
2025-08-21T17:00:01Z,1270
2025-08-21T18:00:02Z,1270
2025-08-21T19:00:01Z,1270
2025-08-21T20:00:04Z,1270
2025-08-21T21:00:02Z,1272
2025-08-21T22:00:02Z,1272
2025-08-21T23:00:01Z,1272
2025-08-22T00:00:01Z,1272
2025-08-22T01:00:01Z,1272
2025-08-22T02:00:01Z,1272
2025-08-22T03:00:01Z,1272
2025-08-22T04:00:02Z,1274
2025-08-22T05:00:01Z,1274
2025-08-22T06:00:02Z,1274
2025-08-22T07:00:01Z,1274
2025-08-22T08:00:01Z,1274
2025-08-22T09:00:02Z,1274
2025-08-22T10:00:01Z,1274
2025-08-22T11:00:01Z,1274
2025-08-22T12:00:01Z,1274
2025-08-22T13:00:01Z,1275
2025-08-22T14:00:01Z,1277
2025-08-22T15:00:01Z,1277
2025-08-22T16:00:01Z,1279
2025-08-22T17:00:01Z,1280
2025-08-22T18:00:01Z,1280
2025-08-22T19:00:01Z,1280
2025-08-22T20:00:01Z,1281
2025-08-22T21:00:01Z,1281
2025-08-22T22:00:01Z,1281
2025-08-22T23:00:02Z,1282
2025-08-23T00:00:01Z,1283
2025-08-23T01:00:02Z,1283
2025-08-23T02:00:01Z,1290
2025-08-23T03:00:01Z,1290
2025-08-23T04:00:01Z,1292
2025-08-23T05:00:01Z,1292
2025-08-23T06:00:02Z,1292
2025-08-23T07:00:01Z,1292
2025-08-23T08:00:02Z,1292
2025-08-23T09:00:01Z,1292
2025-08-23T10:00:01Z,1292
2025-08-23T11:00:01Z,1292
2025-08-23T12:00:01Z,1292
2025-08-23T13:00:01Z,1292
2025-08-23T14:00:01Z,1292
2025-08-23T15:00:01Z,1292
2025-08-23T16:00:02Z,1292
2025-08-23T17:00:01Z,1292
2025-08-23T18:00:01Z,1292
2025-08-23T19:00:01Z,1292
2025-08-23T20:00:01Z,1292
2025-08-23T21:00:01Z,1292
2025-08-23T22:00:01Z,1292
2025-08-23T23:00:02Z,1292
2025-08-24T00:00:01Z,1293
2025-08-24T01:00:01Z,1293
2025-08-24T02:00:01Z,1293
2025-08-24T03:00:01Z,1293
2025-08-24T04:00:01Z,1293
2025-08-24T05:00:02Z,1293
2025-08-24T06:00:01Z,1293
2025-08-24T07:00:02Z,1293
2025-08-24T08:00:01Z,1293
2025-08-24T09:00:01Z,1293
2025-08-24T10:00:02Z,1293
2025-08-24T11:00:01Z,1293
2025-08-24T12:00:02Z,1293
2025-08-24T13:00:01Z,1293
2025-08-24T14:00:02Z,1293
2025-08-24T15:00:01Z,1293
2025-08-24T16:00:01Z,1293
2025-08-24T17:00:02Z,1293
2025-08-24T18:00:01Z,1294
2025-08-24T19:00:01Z,1294
2025-08-24T20:00:01Z,1294
2025-08-24T21:00:01Z,1294
2025-08-24T22:00:02Z,1294
2025-08-24T23:00:02Z,1294
2025-08-25T00:00:01Z,1294
2025-08-25T01:00:01Z,1294
2025-08-25T02:00:01Z,1294
2025-08-25T03:00:01Z,1294
2025-08-25T04:00:01Z,1294
2025-08-25T05:00:01Z,1294
2025-08-25T06:00:01Z,1294
2025-08-25T07:00:02Z,1294
2025-08-25T08:00:01Z,1294
2025-08-25T09:00:01Z,1294
2025-08-25T10:00:02Z,1294
2025-08-25T11:00:01Z,1294
2025-08-25T12:00:01Z,1294
2025-08-25T13:00:01Z,1294
2025-08-25T14:00:01Z,1294
2025-08-25T15:00:01Z,1294
2025-08-25T16:00:01Z,1294
2025-08-25T17:00:02Z,1294
2025-08-25T18:00:01Z,1294
2025-08-25T19:00:01Z,1294
2025-08-25T20:00:02Z,1294
2025-08-25T21:00:01Z,1294
2025-08-25T22:00:01Z,1294
2025-08-25T23:00:02Z,1294
2025-08-26T00:00:01Z,1294
2025-08-26T01:00:02Z,1294
2025-08-26T02:00:01Z,1294
2025-08-26T03:00:02Z,1297
2025-08-26T04:00:01Z,1297
2025-08-26T05:00:01Z,1297
2025-08-26T06:00:01Z,1297
2025-08-26T07:00:02Z,1297
2025-08-26T08:00:01Z,1297
2025-08-26T09:00:01Z,1297
2025-08-26T10:00:01Z,1297
2025-08-26T11:00:02Z,1297
2025-08-26T12:00:01Z,1297
2025-08-26T13:00:01Z,1297
2025-08-26T14:00:02Z,1297
2025-08-26T15:00:01Z,1297
2025-08-26T16:00:01Z,1298
2025-08-26T17:00:01Z,1299
2025-08-26T18:00:01Z,1299
2025-08-26T19:00:01Z,1299
2025-08-26T20:00:01Z,1299
2025-08-26T21:00:02Z,1299
2025-08-26T22:00:01Z,1299
2025-08-26T23:00:01Z,1299
2025-08-27T00:00:01Z,1299
2025-08-27T01:00:01Z,1299
2025-08-27T02:00:01Z,1299
2025-08-27T03:00:01Z,1301
2025-08-27T04:00:01Z,1301
2025-08-27T05:00:01Z,1301
2025-08-27T06:00:02Z,1301
2025-08-27T07:00:01Z,1301
2025-08-27T08:00:02Z,1301
2025-08-27T09:00:01Z,1301
2025-08-27T10:00:01Z,1301
2025-08-27T11:00:01Z,1301
2025-08-27T12:00:01Z,1301
2025-08-27T13:00:01Z,1301
2025-08-27T14:00:02Z,1301
2025-08-27T15:00:01Z,1303
2025-08-27T16:00:01Z,1303
2025-08-27T17:00:01Z,1303
2025-08-27T18:00:01Z,1303
2025-08-27T19:00:01Z,1304
2025-08-27T20:00:01Z,1304
2025-08-27T21:00:01Z,1304
2025-08-27T22:00:01Z,1306
2025-08-27T23:00:01Z,1306
2025-08-28T01:00:02Z,1306
2025-08-28T02:00:02Z,1308
2025-08-28T03:00:01Z,1309
2025-08-28T04:00:01Z,1309
2025-08-28T05:00:01Z,1309
2025-08-28T06:00:01Z,1309
2025-08-28T07:00:02Z,1309
2025-08-28T08:00:01Z,1309
2025-08-28T09:00:02Z,1309
2025-08-28T10:00:01Z,1309
2025-08-28T11:00:01Z,1309
2025-08-28T12:00:01Z,1309
2025-08-28T13:00:01Z,1309
2025-08-28T14:00:01Z,1309
2025-08-28T15:00:01Z,1309
2025-08-28T16:00:01Z,1311
2025-08-28T17:00:02Z,1311
2025-08-28T18:00:02Z,1311
2025-08-28T19:00:02Z,1311
2025-08-28T20:00:02Z,1311
2025-08-28T21:00:02Z,1311
2025-08-28T22:00:01Z,1311
2025-08-28T23:00:01Z,1311
2025-08-29T00:00:02Z,1311
2025-08-29T01:00:01Z,1311
2025-08-29T02:00:02Z,1311
2025-08-29T03:00:01Z,1311
2025-08-29T04:00:01Z,1311
2025-08-29T05:00:01Z,1311
2025-08-29T06:00:01Z,1311
2025-08-29T07:00:01Z,1311
2025-08-29T08:00:02Z,1311
2025-08-29T09:00:02Z,1311
2025-08-29T10:00:01Z,1311
2025-08-29T11:00:02Z,1311
2025-08-29T12:00:01Z,1311
2025-08-29T13:00:02Z,1311
2025-08-29T14:00:01Z,1311
2025-08-29T15:00:01Z,1311
2025-08-29T16:00:01Z,1311
2025-08-29T17:00:01Z,1312
2025-08-29T18:00:01Z,1313
2025-08-29T19:00:01Z,1313
2025-08-29T20:00:01Z,1313
2025-08-29T21:00:01Z,1313
2025-08-29T22:00:01Z,1313
2025-08-29T23:00:01Z,1313
2025-08-30T00:00:01Z,1313
2025-08-30T01:00:01Z,1313
2025-08-30T02:00:01Z,1313
2025-08-30T03:00:01Z,1313
2025-08-30T04:00:02Z,1313
2025-08-30T05:00:01Z,1313
2025-08-30T06:00:01Z,1313
2025-08-30T07:00:01Z,1313
2025-08-30T08:00:01Z,1313
2025-08-30T09:00:01Z,1313
2025-08-30T10:00:01Z,1313
2025-08-30T11:00:01Z,1313
2025-08-30T12:00:01Z,1313
2025-08-30T13:00:01Z,1313
2025-08-30T14:00:01Z,1313
2025-08-30T15:00:02Z,1313
2025-08-30T16:00:02Z,1313
2025-08-30T17:00:01Z,1313
2025-08-30T18:00:01Z,1313
2025-08-30T19:00:02Z,1313
2025-08-30T20:00:01Z,1313
2025-08-30T21:00:01Z,1313
2025-08-30T22:00:01Z,1313
2025-08-30T23:00:01Z,1313
2025-08-31T00:00:01Z,1313
2025-08-31T01:00:01Z,1313
2025-08-31T02:00:01Z,1313
2025-08-31T03:00:02Z,1316
2025-08-31T04:00:01Z,1316
2025-08-31T05:00:01Z,1316
2025-08-31T06:00:01Z,1316
2025-08-31T07:00:01Z,1316
2025-08-31T08:00:01Z,1316
2025-08-31T09:00:01Z,1316
2025-08-31T10:00:01Z,1316
2025-08-31T11:00:01Z,1316
2025-08-31T12:00:02Z,1316
2025-08-31T13:00:01Z,1316
2025-08-31T14:00:01Z,1316
2025-08-31T15:00:01Z,1316
2025-08-31T16:00:01Z,1316
2025-08-31T17:00:01Z,1316
2025-08-31T18:00:01Z,1316
2025-08-31T19:00:01Z,1317
2025-08-31T20:00:01Z,1319
2025-08-31T21:00:02Z,1325
2025-08-31T22:00:01Z,1327
2025-08-31T23:00:02Z,1328
2025-09-01T00:00:01Z,1328
2025-09-01T01:00:01Z,1330
2025-09-01T02:00:02Z,1330
2025-09-01T03:00:01Z,1330
2025-09-01T04:00:01Z,1331
2025-09-01T05:00:01Z,1335
2025-09-01T06:00:01Z,1335
2025-09-01T07:00:01Z,1335
2025-09-01T08:00:01Z,1335
2025-09-01T09:00:01Z,1335
2025-09-01T10:00:01Z,1335
2025-09-01T11:00:01Z,1335
2025-09-01T12:00:01Z,1336
2025-09-01T13:00:01Z,1336
2025-09-01T14:00:01Z,1337
2025-09-01T15:00:01Z,1338
2025-09-01T16:00:02Z,1341
2025-09-01T17:00:01Z,1356
2025-09-01T18:00:02Z,1388
2025-09-01T19:00:01Z,1446
2025-09-01T20:00:01Z,1462
2025-09-01T21:00:01Z,1462
2025-09-01T22:00:02Z,1462
2025-09-01T23:00:01Z,1462
2025-09-02T00:00:01Z,1464
2025-09-02T01:00:01Z,1464
2025-09-02T02:00:02Z,1464
2025-09-02T03:00:02Z,1464
2025-09-02T04:00:01Z,1464
2025-09-02T05:00:01Z,1464
2025-09-02T06:00:01Z,1464
2025-09-02T07:00:01Z,1464
2025-09-02T08:00:01Z,1464
2025-09-02T09:00:01Z,1464
2025-09-02T10:00:01Z,1464
2025-09-02T11:00:02Z,1464
2025-09-02T12:00:01Z,1464
2025-09-02T13:00:01Z,1464
2025-09-02T14:00:02Z,1464
2025-09-02T15:00:02Z,1464
2025-09-02T16:00:01Z,1464
2025-09-02T17:00:01Z,1464
2025-09-02T18:00:01Z,1464
2025-09-02T19:00:01Z,1464
2025-09-02T20:00:02Z,1464
2025-09-02T21:00:01Z,1464
2025-09-02T22:00:01Z,1464
2025-09-02T23:00:01Z,1468
2025-09-03T00:00:02Z,1469
2025-09-03T01:00:01Z,1469
2025-09-03T02:00:01Z,1469
2025-09-03T03:00:02Z,1470
2025-09-03T04:00:01Z,1470
2025-09-03T05:00:01Z,1470
2025-09-03T06:00:01Z,1470
2025-09-03T07:00:01Z,1470
2025-09-03T08:00:01Z,1470
2025-09-03T09:00:01Z,1470
2025-09-03T10:00:02Z,1470
2025-09-03T11:00:01Z,1470
2025-09-03T12:00:01Z,1470
2025-09-03T13:00:01Z,1470
2025-09-03T14:00:01Z,1470
2025-09-03T15:00:02Z,1470
2025-09-03T16:00:02Z,1470
2025-09-03T17:00:01Z,1475
2025-09-03T18:00:01Z,1475
2025-09-03T19:00:01Z,1475
2025-09-03T20:00:01Z,1475
2025-09-03T21:00:01Z,1475
2025-09-03T22:00:01Z,1475
2025-09-03T23:00:01Z,1475
2025-09-04T00:00:01Z,1475
2025-09-04T01:00:01Z,1475
2025-09-04T02:00:01Z,1477
2025-09-04T03:00:02Z,1477
2025-09-04T04:00:01Z,1477
2025-09-04T05:00:01Z,1477
2025-09-04T06:00:02Z,1477
2025-09-04T07:00:01Z,1477
2025-09-04T08:00:01Z,1477
2025-09-04T09:00:01Z,1477
2025-09-04T10:00:01Z,1477
2025-09-04T11:00:02Z,1477
2025-09-04T12:00:01Z,1477
2025-09-04T13:00:01Z,1477
2025-09-04T14:00:02Z,1477
2025-09-04T15:00:01Z,1477
2025-09-04T16:00:01Z,1477
2025-09-04T17:00:01Z,1477
2025-09-04T18:00:01Z,1477
2025-09-04T19:00:02Z,1477
2025-09-04T20:00:01Z,1477
2025-09-04T21:00:01Z,1477
2025-09-04T22:00:01Z,1477
2025-09-04T23:00:01Z,1477
2025-09-05T00:00:01Z,1477
2025-09-05T01:00:01Z,1478
2025-09-05T02:00:01Z,1478
2025-09-05T03:00:01Z,1478
2025-09-05T04:00:01Z,1478
2025-09-05T05:00:01Z,1478
2025-09-05T06:00:01Z,1478
2025-09-05T07:00:02Z,1478
2025-09-05T08:00:01Z,1478
2025-09-05T09:00:02Z,1478
2025-09-05T10:00:01Z,1478
2025-09-05T11:00:01Z,1478
2025-09-05T12:00:01Z,1478
2025-09-05T13:00:01Z,1478
2025-09-05T14:00:02Z,1478
2025-09-05T15:00:01Z,1478
2025-09-05T16:00:01Z,1478
2025-09-05T17:00:01Z,1478
2025-09-05T18:00:01Z,1478
2025-09-05T19:00:01Z,1478
2025-09-05T20:00:01Z,1478
2025-09-05T21:00:01Z,1478
2025-09-05T22:00:01Z,1478
2025-09-05T23:00:01Z,1478
2025-09-06T00:00:01Z,1478
2025-09-06T01:00:01Z,1478
2025-09-06T02:00:01Z,1478
2025-09-06T03:00:02Z,1478
2025-09-06T04:00:01Z,1478
2025-09-06T05:00:01Z,1478
2025-09-06T06:00:01Z,1478
2025-09-06T07:00:01Z,1478
2025-09-06T08:00:01Z,1478
2025-09-06T09:00:02Z,1478
2025-09-06T10:00:01Z,1478
2025-09-06T11:00:01Z,1478
2025-09-06T12:00:01Z,1478
2025-09-06T13:00:01Z,1478
2025-09-06T14:00:01Z,1478
2025-09-06T15:00:01Z,1478
2025-09-06T16:00:01Z,1478
2025-09-06T17:00:02Z,1478
2025-09-06T18:00:01Z,1478
2025-09-06T19:00:01Z,1478
2025-09-06T20:00:01Z,1478
2025-09-06T21:00:01Z,1478
2025-09-06T22:00:01Z,1478
2025-09-06T23:00:02Z,1478
2025-09-07T01:00:01Z,1478
2025-09-07T02:00:01Z,1478
2025-09-07T03:00:01Z,1478
2025-09-07T04:00:01Z,1480
2025-09-07T05:00:01Z,1480
2025-09-07T06:00:02Z,1480
2025-09-07T07:00:01Z,1480
2025-09-07T08:00:02Z,1480
2025-09-07T09:00:02Z,1480
2025-09-07T10:00:02Z,1480
2025-09-07T11:00:01Z,1480
2025-09-07T12:00:01Z,1480
2025-09-07T13:00:01Z,1480
2025-09-07T14:00:01Z,1480
2025-09-07T15:00:01Z,1480
2025-09-07T16:00:01Z,1480
2025-09-07T17:00:01Z,1480
2025-09-07T18:00:02Z,1481
2025-09-07T19:00:01Z,1481
2025-09-07T20:00:01Z,1481
2025-09-07T21:00:02Z,1481
2025-09-07T22:00:01Z,1481
2025-09-07T23:00:01Z,1482
2025-09-08T00:00:01Z,1482
2025-09-08T01:00:01Z,1482
2025-09-08T02:00:01Z,1482
2025-09-08T03:00:01Z,1482
2025-09-08T04:00:01Z,1482
2025-09-08T05:00:01Z,1482
2025-09-08T06:00:01Z,1482
2025-09-08T07:00:01Z,1482
2025-09-08T08:00:01Z,1482
2025-09-08T09:00:01Z,1482
2025-09-08T10:00:01Z,1482
2025-09-08T11:00:01Z,1482
2025-09-08T12:00:01Z,1482
2025-09-08T13:00:01Z,1482
2025-09-08T14:00:02Z,1482
2025-09-08T15:00:01Z,1482
2025-09-08T16:00:01Z,1482
2025-09-08T17:00:01Z,1482
2025-09-08T18:00:01Z,1482
2025-09-08T19:00:01Z,1482
2025-09-08T20:00:01Z,1482
2025-09-08T21:00:01Z,1482
2025-09-08T22:00:01Z,1482
2025-09-08T23:00:01Z,1482
2025-09-09T01:00:01Z,1482
2025-09-09T02:00:01Z,1482
2025-09-09T03:00:01Z,1482
2025-09-09T04:00:02Z,1482
2025-09-09T05:00:01Z,1482
2025-09-09T06:00:01Z,1482
2025-09-09T07:00:01Z,1482
2025-09-09T08:00:01Z,1482
2025-09-09T09:00:01Z,1482
2025-09-09T10:00:01Z,1482
2025-09-09T11:00:01Z,1482
2025-09-09T12:00:01Z,1482
2025-09-09T13:00:01Z,1482
2025-09-09T14:00:01Z,1482
2025-09-09T15:00:01Z,1482
2025-09-09T16:00:01Z,1484
2025-09-09T17:00:02Z,1484
2025-09-09T18:00:02Z,1484
2025-09-09T19:00:02Z,1484
2025-09-09T20:00:01Z,1484
2025-09-09T21:00:01Z,1484
2025-09-09T22:00:02Z,1486
2025-09-09T23:00:01Z,1486
2025-09-10T01:00:01Z,1486
2025-09-10T02:00:01Z,1486
2025-09-10T03:00:01Z,1494
2025-09-10T04:00:02Z,1494
2025-09-10T05:00:02Z,1495
2025-09-10T06:00:01Z,1495
2025-09-10T07:00:02Z,1495
2025-09-10T08:00:01Z,1495
2025-09-10T09:00:01Z,1495
2025-09-10T10:00:02Z,1495
2025-09-10T11:00:01Z,1495
2025-09-10T12:00:02Z,1495
2025-09-10T13:00:01Z,1495
2025-09-10T14:00:01Z,1495
2025-09-10T15:00:02Z,1495
2025-09-10T16:00:01Z,1495
2025-09-10T17:00:01Z,1495
2025-09-10T18:00:02Z,1495
2025-09-10T19:00:01Z,1495
2025-09-10T20:00:01Z,1495
2025-09-10T21:00:02Z,1495
2025-09-10T22:00:01Z,1495
2025-09-10T23:00:01Z,1495
2025-09-11T00:00:02Z,1495
2025-09-11T01:00:02Z,1497
2025-09-11T02:00:01Z,1497
2025-09-11T03:00:01Z,1497
2025-09-11T04:00:01Z,1497
2025-09-11T05:00:01Z,1497
2025-09-11T06:00:02Z,1497
2025-09-11T07:00:01Z,1497
2025-09-11T08:00:01Z,1497
2025-09-11T09:00:01Z,1497
2025-09-11T10:00:01Z,1497
2025-09-11T11:00:01Z,1497
2025-09-11T12:00:01Z,1497
2025-09-11T13:00:01Z,1497
2025-09-11T14:00:01Z,1497
2025-09-11T15:00:01Z,1497
2025-09-11T16:00:01Z,1497
2025-09-11T17:00:02Z,1497
2025-09-11T18:00:01Z,1497
2025-09-11T19:00:02Z,1497
2025-09-11T20:00:01Z,1497
2025-09-11T21:00:01Z,1497
2025-09-11T22:00:01Z,1499
2025-09-11T23:00:01Z,1499
2025-09-12T00:00:01Z,1499
2025-09-12T01:00:02Z,1499
2025-09-12T02:00:01Z,1499
2025-09-12T03:00:01Z,1499
2025-09-12T04:00:01Z,1499
2025-09-12T05:00:02Z,1499
2025-09-12T06:00:01Z,1499
2025-09-12T07:00:01Z,1499
2025-09-12T08:00:01Z,1499
2025-09-12T09:00:02Z,1499
2025-09-12T10:00:02Z,1499
2025-09-12T11:00:01Z,1499
2025-09-12T12:00:02Z,1499
2025-09-12T13:00:01Z,1499
2025-09-12T14:00:01Z,1499
2025-09-12T15:00:01Z,1499
2025-09-12T16:00:01Z,1499
2025-09-12T17:00:02Z,1499
2025-09-12T18:00:01Z,1499
2025-09-12T19:00:02Z,1499
2025-09-12T20:00:01Z,1499
2025-09-12T21:00:02Z,1500
2025-09-12T22:00:02Z,1501
2025-09-12T23:00:01Z,1501
2025-09-13T00:00:01Z,1501
2025-09-13T01:00:01Z,1501
2025-09-13T02:00:01Z,1501
2025-09-13T03:00:01Z,1501
2025-09-13T04:00:02Z,1501
2025-09-13T05:00:01Z,1501
2025-09-13T06:00:01Z,1501
2025-09-13T07:00:01Z,1501
2025-09-13T08:00:01Z,1501
2025-09-13T09:00:01Z,1501
2025-09-13T10:00:01Z,1501
2025-09-13T11:00:01Z,1501
2025-09-13T12:00:01Z,1501
2025-09-13T13:00:01Z,1501
2025-09-13T14:00:02Z,1501
2025-09-13T15:00:01Z,1501
2025-09-13T16:00:02Z,1501
2025-09-13T17:00:01Z,1501
2025-09-13T18:00:01Z,1501
2025-09-13T19:00:02Z,1501
2025-09-13T20:00:01Z,1501
2025-09-13T21:00:01Z,1501
2025-09-13T22:00:02Z,1501
2025-09-13T23:00:01Z,1501
2025-09-14T00:00:03Z,1501
2025-09-14T01:00:02Z,1501
2025-09-14T02:00:01Z,1501
2025-09-14T03:00:02Z,1501
2025-09-14T04:00:02Z,1501
2025-09-14T05:00:02Z,1511
2025-09-14T06:00:02Z,1519
2025-09-14T07:00:01Z,1522
2025-09-14T08:00:01Z,1531
2025-09-14T09:00:01Z,1533
2025-09-14T10:00:02Z,1535
2025-09-14T11:00:01Z,1535
2025-09-14T12:00:01Z,1539
2025-09-14T13:00:01Z,1539
2025-09-14T14:00:01Z,1541
2025-09-14T15:00:02Z,1543
2025-09-14T16:00:01Z,1545
2025-09-14T17:00:02Z,1545
2025-09-14T18:00:01Z,1545
2025-09-14T19:00:01Z,1545
2025-09-14T20:00:01Z,1545
2025-09-14T21:00:02Z,1545
2025-09-14T22:00:01Z,1547
2025-09-14T23:00:01Z,1547
2025-09-15T01:00:01Z,1547
2025-09-15T02:00:02Z,1547
2025-09-15T03:00:01Z,1547
2025-09-15T04:00:02Z,1547
2025-09-15T05:00:01Z,1547
2025-09-15T06:00:01Z,1547
2025-09-15T07:00:01Z,1547
2025-09-15T08:00:01Z,1547
2025-09-15T09:00:01Z,1547
2025-09-15T10:00:01Z,1547
2025-09-15T11:00:01Z,1547
2025-09-15T12:00:02Z,1547
2025-09-15T13:00:02Z,1547
2025-09-15T14:00:01Z,1547
2025-09-15T15:00:01Z,1547
2025-09-15T16:00:01Z,1553
2025-09-15T17:00:01Z,1556
2025-09-15T18:00:01Z,1558
2025-09-15T19:00:02Z,1558
2025-09-15T20:00:01Z,1558
2025-09-15T21:00:02Z,1558
2025-09-15T22:00:01Z,1558
2025-09-15T23:00:01Z,1558
2025-09-16T00:00:01Z,1558
2025-09-16T01:00:02Z,1558
2025-09-16T02:00:02Z,1564
2025-09-16T03:00:01Z,1564
2025-09-16T04:00:01Z,1564
2025-09-16T05:00:02Z,1573
2025-09-16T06:00:02Z,1575
2025-09-16T07:00:01Z,1575
2025-09-16T08:00:01Z,1575
2025-09-16T09:00:01Z,1576
2025-09-16T10:00:02Z,1579
2025-09-16T11:00:01Z,1579
2025-09-16T12:00:02Z,1579
2025-09-16T13:00:01Z,1579
2025-09-16T14:00:01Z,1579
2025-09-16T15:00:01Z,1583
2025-09-16T16:00:01Z,1584
2025-09-16T18:00:01Z,1584
2025-09-16T19:00:01Z,1584
2025-09-16T20:00:01Z,1594
2025-09-16T21:00:02Z,1594
2025-09-17T14:00:01Z,1620
2025-09-17T15:00:02Z,1620
2025-09-17T16:00:01Z,1620
2025-09-17T17:00:01Z,1621
2025-09-17T18:00:01Z,1623
2025-09-17T19:00:01Z,1623
2025-09-17T20:00:01Z,1623
2025-09-17T21:00:01Z,1625
2025-09-17T22:00:02Z,1625
2025-09-17T23:00:01Z,1625
2025-09-18T00:00:01Z,1625
2025-09-18T01:00:01Z,1629
2025-09-18T02:00:01Z,1629
2025-09-18T03:00:01Z,1629
2025-09-18T04:00:02Z,1629
2025-09-18T05:00:01Z,1629
2025-09-18T06:00:01Z,1629
2025-09-18T07:00:02Z,1631
2025-09-18T08:00:01Z,1631
2025-09-18T09:00:01Z,1631
2025-09-18T10:00:02Z,1631
2025-09-18T11:00:01Z,1631
2025-09-18T12:00:01Z,1631
2025-09-18T13:00:01Z,1631
2025-09-18T14:00:02Z,1633
2025-09-18T15:00:01Z,1633
2025-09-18T16:00:01Z,1633
2025-09-18T17:00:01Z,1639
2025-09-18T18:00:01Z,1646
2025-09-18T19:00:01Z,1646
2025-09-18T20:00:01Z,1647
2025-09-18T21:00:02Z,1647
2025-09-18T22:00:01Z,1647
2025-09-18T23:00:01Z,1647
2025-09-19T00:00:01Z,1647
2025-09-19T01:00:02Z,1647
2025-09-19T02:00:02Z,1648
2025-09-19T03:00:02Z,1648
2025-09-19T04:00:01Z,1648
2025-09-19T05:00:01Z,1648
2025-09-19T06:00:01Z,1650
2025-09-19T07:00:02Z,1659
2025-09-19T08:00:01Z,1659
2025-09-19T09:00:02Z,1659
2025-09-19T10:00:01Z,1659
2025-09-19T11:00:01Z,1659
2025-09-19T12:00:01Z,1659
2025-09-19T13:00:01Z,1659
2025-09-19T14:00:01Z,1659
2025-09-19T15:00:02Z,1659
2025-09-19T16:00:01Z,1659
2025-09-19T17:00:01Z,1660
2025-09-19T18:00:02Z,1660
2025-09-19T19:00:02Z,1660
2025-09-19T20:00:01Z,1660
2025-09-19T21:00:01Z,1670
2025-09-19T22:00:02Z,1674
2025-09-19T23:00:01Z,1676
2025-09-20T00:00:02Z,1678
2025-09-20T01:00:02Z,1678
2025-09-20T02:00:02Z,1680
2025-09-20T03:00:01Z,1680
2025-09-20T04:00:01Z,1680
2025-09-20T05:00:01Z,1680
2025-09-20T06:00:01Z,1680
2025-09-20T07:00:01Z,1680
2025-09-20T08:00:01Z,1680
2025-09-20T09:00:01Z,1680
2025-09-20T10:00:01Z,1680
2025-09-20T11:00:02Z,1680
2025-09-20T12:00:01Z,1680
2025-09-20T13:00:02Z,1680
2025-09-20T14:00:01Z,1680
2025-09-20T15:00:01Z,1680
2025-09-20T16:00:01Z,1680
2025-09-20T19:00:01Z,1682
2025-09-20T20:00:02Z,1686
2025-09-20T21:00:01Z,1686
2025-09-21T01:00:02Z,1690
2025-09-21T02:00:02Z,1693
2025-09-21T03:00:01Z,1697
2025-09-21T04:00:01Z,1698
2025-09-21T05:00:02Z,1698
2025-09-21T06:00:01Z,1698
2025-09-21T07:00:01Z,1698
2025-09-21T08:00:01Z,1698
2025-09-21T09:00:01Z,1698
2025-09-21T10:00:01Z,1698
2025-09-21T11:00:01Z,1698
2025-09-21T12:00:02Z,1698
2025-09-21T13:00:01Z,1698
2025-09-21T14:00:01Z,1698
2025-09-21T15:00:02Z,1700
2025-09-21T16:00:01Z,1702
2025-09-21T17:00:01Z,1702
2025-09-21T18:00:02Z,1702
2025-09-21T19:00:01Z,1702
2025-09-21T20:00:01Z,1703
2025-09-21T21:00:01Z,1703
2025-09-21T22:00:01Z,1703
2025-09-21T23:00:02Z,1703
2025-09-22T01:00:01Z,1703
2025-09-22T02:00:01Z,1703
2025-09-22T03:00:01Z,1703
2025-09-22T04:00:01Z,1703
2025-09-22T05:00:01Z,1703
2025-09-22T06:00:01Z,1703
2025-09-22T07:00:01Z,1703
2025-09-22T08:00:01Z,1703
2025-09-22T09:00:01Z,1703
2025-09-22T10:00:01Z,1703
2025-09-22T11:00:01Z,1703
2025-09-22T12:00:01Z,1703
2025-09-22T13:00:01Z,1703
2025-09-22T14:00:01Z,1703
2025-09-22T15:00:02Z,1707
2025-09-22T16:00:01Z,1707
2025-09-22T17:00:01Z,1707
2025-09-22T18:00:01Z,1709
2025-09-22T19:00:01Z,1709
2025-09-22T20:00:01Z,1709
2025-09-22T21:00:01Z,1709
2025-09-22T22:00:01Z,1709
2025-09-22T23:00:01Z,1710
2025-09-23T00:00:01Z,1710
2025-09-23T01:00:01Z,1710
2025-09-23T02:00:01Z,1710
2025-09-23T03:00:01Z,1710
2025-09-23T04:00:01Z,1710
2025-09-23T05:00:01Z,1710
2025-09-23T06:00:01Z,1710
2025-09-23T07:00:02Z,1710
2025-09-23T08:00:01Z,1710
2025-09-23T09:00:01Z,1710
2025-09-23T10:00:01Z,1710
2025-09-23T11:00:01Z,1710
2025-09-23T12:00:01Z,1710
2025-09-23T13:00:01Z,1710
2025-09-23T14:00:01Z,1710
2025-09-23T18:00:01Z,1710
2025-09-23T19:00:01Z,1710
2025-09-23T21:00:01Z,1710
2025-09-23T22:00:02Z,1710
2025-09-23T23:00:01Z,1710
2025-09-24T00:00:01Z,1710
2025-09-24T01:00:01Z,1710
2025-09-24T19:00:01Z,1710
2025-09-27T18:00:01Z,1720
2025-09-27T19:00:01Z,1720
2025-09-27T20:00:01Z,1720
2025-09-27T21:00:01Z,1720
2025-09-27T22:00:01Z,1720
2025-09-27T23:00:01Z,1720
2025-09-28T01:00:01Z,1720
2025-09-28T02:00:01Z,1720
2025-09-29T15:00:01Z,1722
2025-09-29T16:00:01Z,1722
2025-09-30T02:00:01Z,1722
2025-09-30T03:00:01Z,1722
2025-09-30T04:00:02Z,1722
2025-09-30T05:00:01Z,1722
2025-09-30T06:00:01Z,1722
2025-09-30T07:00:01Z,1722
2025-09-30T08:00:01Z,1722
2025-09-30T09:00:02Z,1722
2025-09-30T10:00:01Z,1722
2025-09-30T11:00:01Z,1722
2025-09-30T12:00:01Z,1722
2025-09-30T13:00:02Z,1722
2025-09-30T14:00:01Z,1722
2025-09-30T15:00:01Z,1722
2025-09-30T16:00:02Z,1722
2025-09-30T17:00:01Z,1722
2025-09-30T18:00:01Z,1722
2025-09-30T19:00:01Z,1722
2025-09-30T20:00:01Z,1722
2025-09-30T21:00:02Z,1722
2025-09-30T22:00:01Z,1722
2025-09-30T23:00:02Z,1722
2025-10-01T01:00:01Z,1722
2025-10-01T02:00:02Z,1722
2025-10-01T03:00:01Z,1722
2025-10-01T04:00:01Z,1722
2025-10-01T05:00:02Z,1722
2025-10-01T06:00:01Z,1722
2025-10-01T07:00:01Z,1722
2025-10-01T08:00:01Z,1722
2025-10-01T09:00:01Z,1722
2025-10-01T10:00:02Z,1722
2025-10-01T11:00:01Z,1722
2025-10-01T12:00:01Z,1722
2025-10-01T13:00:01Z,1722
2025-10-01T14:00:02Z,1722
2025-10-01T15:00:01Z,1722
2025-10-01T16:00:02Z,1722
2025-10-01T17:00:01Z,1725
2025-10-01T18:00:01Z,1727
2025-10-01T20:00:02Z,1728
2025-10-01T21:00:02Z,1730
2025-10-01T22:00:02Z,1732
2025-10-01T23:00:02Z,1732
2025-10-02T00:00:01Z,1732
2025-10-02T01:00:01Z,1732
2025-10-02T02:00:02Z,1732
2025-10-02T03:00:01Z,1732
2025-10-02T04:00:01Z,1732
2025-10-02T05:00:01Z,1732
2025-10-02T06:00:01Z,1732
2025-10-02T07:00:01Z,1732
2025-10-02T08:00:02Z,1732
2025-10-02T09:00:01Z,1732
2025-10-02T10:00:02Z,1732
2025-10-02T11:00:02Z,1732
2025-10-02T12:00:02Z,1732
2025-10-02T13:00:02Z,1732
2025-10-02T14:00:02Z,1732
2025-10-02T15:00:01Z,1732
2025-10-02T16:00:01Z,1732
2025-10-02T17:00:03Z,1732
2025-10-02T18:00:01Z,1732
2025-10-02T19:00:01Z,1732
2025-10-02T20:00:01Z,1732
2025-10-02T21:00:01Z,1732
2025-10-02T22:00:01Z,1732
2025-10-02T23:00:01Z,1732
2025-10-03T01:00:02Z,1732
2025-10-03T02:00:01Z,1732
2025-10-03T03:00:02Z,1732
2025-10-03T04:00:01Z,1732
2025-10-03T05:00:02Z,1732
2025-10-03T06:00:01Z,1732
2025-10-03T07:00:01Z,1732
2025-10-03T08:00:01Z,1732
2025-10-03T09:00:01Z,1732
2025-10-03T10:00:02Z,1732
2025-10-03T11:00:01Z,1732
2025-10-03T12:00:01Z,1732
2025-10-03T13:00:01Z,1732
2025-10-03T14:00:01Z,1732
2025-10-03T15:00:02Z,1732
2025-10-03T16:00:01Z,1732
2025-10-03T17:00:01Z,1732
2025-10-03T18:00:01Z,1732
2025-10-03T19:00:01Z,1732
2025-10-03T20:00:01Z,1732
2025-10-03T21:00:01Z,1732
2025-10-03T22:00:02Z,1732
2025-10-03T23:00:01Z,1732
2025-10-04T00:00:01Z,1732
2025-10-04T01:00:01Z,1732
2025-10-04T02:00:01Z,1732
2025-10-04T03:00:01Z,1732
2025-10-04T04:00:02Z,1732
2025-10-04T05:00:01Z,1732
2025-10-04T06:00:01Z,1732
2025-10-04T07:00:01Z,1732
2025-10-04T08:00:01Z,1732
2025-10-04T09:00:01Z,1732
2025-10-04T10:00:01Z,1732
2025-10-04T11:00:01Z,1732
2025-10-04T12:00:01Z,1732
2025-10-04T13:00:01Z,1732
2025-10-04T14:00:01Z,1732
2025-10-04T15:00:01Z,1732
2025-10-04T16:00:02Z,1732
2025-10-04T17:00:01Z,1732
2025-10-04T18:00:01Z,1732
2025-10-04T19:00:01Z,1732
2025-10-04T20:00:01Z,1732
2025-10-04T21:00:01Z,1732
2025-10-04T22:00:01Z,1732
2025-10-04T23:00:01Z,1732
2025-10-05T01:00:01Z,1732
2025-10-05T02:00:02Z,1732
2025-10-05T03:00:01Z,1732
2025-10-05T04:00:01Z,1732
2025-10-05T05:00:01Z,1732
2025-10-05T06:00:01Z,1732
2025-10-05T07:00:02Z,1736
2025-10-05T08:00:01Z,1736
2025-10-05T09:00:01Z,1736
2025-10-05T10:00:01Z,1736
2025-10-05T11:00:01Z,1736
2025-10-05T12:00:02Z,1736
2025-10-05T13:00:01Z,1736
2025-10-05T14:00:01Z,1736
2025-10-05T15:00:01Z,1736
2025-10-05T16:00:01Z,1736
2025-10-05T17:00:02Z,1736
2025-10-05T18:00:01Z,1738
2025-10-05T19:00:01Z,1738
2025-10-05T20:00:01Z,1738
2025-10-05T21:00:02Z,1740
2025-10-05T22:00:01Z,1740
2025-10-05T23:00:01Z,1740
2025-10-06T00:00:01Z,1740
2025-10-06T01:00:01Z,1740
2025-10-06T02:00:01Z,1740
2025-10-06T03:00:01Z,1740
2025-10-06T04:00:01Z,1740
2025-10-06T05:00:01Z,1740
2025-10-06T06:00:02Z,1740
2025-10-06T07:00:01Z,1740
2025-10-06T08:00:01Z,1740
2025-10-06T09:00:01Z,1740
2025-10-06T10:00:01Z,1740
2025-10-06T11:00:01Z,1740
2025-10-06T12:00:01Z,1740
2025-10-06T13:00:01Z,1740
2025-10-06T14:00:01Z,1740
2025-10-06T15:00:01Z,1742
2025-10-06T16:00:01Z,1742
2025-10-06T17:00:01Z,1742
2025-10-06T18:00:02Z,1742
2025-10-06T19:00:01Z,1742
2025-10-06T20:00:01Z,1742
2025-10-06T21:00:02Z,1742
2025-10-06T22:00:01Z,1742
2025-10-06T23:00:01Z,1742
2025-10-07T00:00:01Z,1742
2025-10-07T01:00:01Z,1742
2025-10-07T02:00:01Z,1742
2025-10-07T03:00:01Z,1742
2025-10-07T04:00:01Z,1742
2025-10-07T05:00:01Z,1742
2025-10-07T06:00:01Z,1744
2025-10-07T07:00:01Z,1744
2025-10-07T08:00:01Z,1744
2025-10-07T09:00:01Z,1744
2025-10-07T10:00:01Z,1744
2025-10-07T11:00:01Z,1744
2025-10-07T12:00:01Z,1744
2025-10-07T13:00:01Z,1744
2025-10-07T15:00:01Z,1744
2025-10-07T16:00:01Z,1744
2025-10-07T17:00:01Z,1744
2025-10-07T18:00:02Z,1744
2025-10-07T19:00:01Z,1744
2025-10-07T20:00:01Z,1744
2025-10-07T21:00:01Z,1744
2025-10-07T22:00:01Z,1744
2025-10-07T23:00:02Z,1744
2025-10-08T00:00:02Z,1744
2025-10-08T01:00:01Z,1744
2025-10-08T02:00:01Z,1744
2025-10-08T03:00:01Z,1744
2025-10-08T04:00:01Z,1744
2025-10-08T05:00:01Z,1744
2025-10-08T06:00:01Z,1744
2025-10-08T07:00:02Z,1744
2025-10-08T08:00:02Z,1744
2025-10-08T09:00:01Z,1744
2025-10-08T10:00:01Z,1744
2025-10-08T11:00:01Z,1744
2025-10-08T12:00:01Z,1746
2025-10-08T13:00:01Z,1746
2025-10-08T14:00:01Z,1746
2025-10-08T15:00:01Z,1746
2025-10-08T16:00:02Z,1746
2025-10-08T17:00:01Z,1746
2025-10-08T18:00:01Z,1746
2025-10-08T19:00:02Z,1752
2025-10-08T20:00:02Z,1752
2025-10-08T21:00:01Z,1752
2025-10-08T22:00:01Z,1752
2025-10-08T23:00:01Z,1752
2025-10-09T00:00:01Z,1752
2025-10-09T01:00:01Z,1752
2025-10-09T02:00:01Z,1752
2025-10-09T03:00:02Z,1752
2025-10-09T04:00:01Z,1752
2025-10-09T05:00:01Z,1752
2025-10-09T06:00:02Z,1752
2025-10-09T07:00:01Z,1752
2025-10-09T08:00:01Z,1752
2025-10-09T09:00:01Z,1752
2025-10-09T10:00:01Z,1752
2025-10-09T11:00:01Z,1752
2025-10-09T12:00:01Z,1752
2025-10-09T13:00:01Z,1754
2025-10-09T14:00:02Z,1754
2025-10-09T15:00:01Z,1754
2025-10-09T16:00:01Z,1754
2025-10-09T17:00:01Z,1754
2025-10-09T18:00:01Z,1754
2025-10-09T19:00:02Z,1756
2025-10-09T20:00:01Z,1756
2025-10-09T21:00:01Z,1756
2025-10-09T22:00:01Z,1756
2025-10-09T23:00:02Z,1756
2025-10-10T00:00:01Z,1756
2025-10-10T01:00:01Z,1756
2025-10-10T02:00:01Z,1756
2025-10-10T03:00:01Z,1756
2025-10-10T04:00:01Z,1756
2025-10-10T05:00:01Z,1756
2025-10-10T06:00:01Z,1756
2025-10-10T07:00:01Z,1756
2025-10-10T08:00:01Z,1756
2025-10-10T09:00:02Z,1757
2025-10-10T10:00:01Z,1757
2025-10-10T11:00:01Z,1757
2025-10-10T12:00:01Z,1759
2025-10-10T13:00:01Z,1759
2025-10-10T14:00:01Z,1759
2025-10-10T15:00:02Z,1761
2025-10-10T16:00:01Z,1761
2025-10-10T17:00:01Z,1761
2025-10-10T18:00:01Z,1761
2025-10-10T19:00:02Z,1761
2025-10-10T20:00:01Z,1761
2025-10-10T21:00:02Z,1761
2025-10-10T22:00:01Z,1761
2025-10-10T23:00:02Z,1761
2025-10-11T00:00:01Z,1761
2025-10-11T01:00:01Z,1761
2025-10-11T02:00:01Z,1761
2025-10-11T03:00:01Z,1761
2025-10-11T04:00:01Z,1761
2025-10-11T05:00:01Z,1761
2025-10-11T06:00:02Z,1761
2025-10-11T07:00:01Z,1761
2025-10-11T08:00:01Z,1761
2025-10-11T09:00:02Z,1761
2025-10-11T10:00:01Z,1761
2025-10-11T11:00:01Z,1761
2025-10-11T12:00:02Z,1761
2025-10-11T13:00:01Z,1761
2025-10-11T14:00:01Z,1761
2025-10-11T15:00:02Z,1761
2025-10-11T16:00:01Z,1761
2025-10-11T17:00:01Z,1761
2025-10-11T18:00:01Z,1761
2025-10-11T19:00:01Z,1761
2025-10-11T20:00:01Z,1761
2025-10-11T21:00:01Z,1765
2025-10-11T22:00:01Z,1765
2025-10-11T23:00:01Z,1765
2025-10-12T00:00:01Z,1765
2025-10-12T01:00:02Z,1765
2025-10-12T02:00:01Z,1765
2025-10-12T03:00:01Z,1765
2025-10-12T04:00:01Z,1765
2025-10-12T05:00:01Z,1765
2025-10-12T06:00:01Z,1765
2025-10-12T07:00:01Z,1765
2025-10-12T08:00:01Z,1765
2025-10-12T09:00:01Z,1765
2025-10-12T10:00:01Z,1765
2025-10-12T11:00:01Z,1765
2025-10-12T12:00:01Z,1765
2025-10-12T13:00:02Z,1765
2025-10-12T14:00:01Z,1765
2025-10-12T15:00:02Z,1765
2025-10-12T16:00:01Z,1765
2025-10-12T17:00:01Z,1765
2025-10-12T18:00:02Z,1765
2025-10-12T19:00:01Z,1765
2025-10-12T20:00:01Z,1765
2025-10-12T21:00:02Z,1765
2025-10-12T22:00:01Z,1765
2025-10-12T23:00:02Z,1765
2025-10-13T00:00:01Z,1765
2025-10-13T01:00:01Z,1765
2025-10-13T02:00:01Z,1765
2025-10-13T03:00:02Z,1765
2025-10-13T04:00:01Z,1765
2025-10-13T05:00:01Z,1765
2025-10-13T06:00:01Z,1765
2025-10-13T07:00:01Z,1765
2025-10-13T08:00:01Z,1765
2025-10-13T09:00:01Z,1766
2025-10-13T10:00:01Z,1766
2025-10-13T11:00:02Z,1766
2025-10-13T12:00:01Z,1766
2025-10-13T13:00:01Z,1766
2025-10-13T14:00:01Z,1768
2025-10-13T15:00:01Z,1768
2025-10-13T16:00:02Z,1768
2025-10-13T17:00:01Z,1768
2025-10-13T18:00:01Z,1768
2025-10-13T19:00:01Z,1768
2025-10-13T20:00:02Z,1768
2025-10-13T21:00:01Z,1768
2025-10-13T22:00:02Z,1768
2025-10-13T23:00:02Z,1768
2025-10-14T00:00:01Z,1768
2025-10-14T01:00:01Z,1768
2025-10-14T02:00:01Z,1768
2025-10-14T03:00:01Z,1768
2025-10-14T04:00:01Z,1768
2025-10-14T05:00:01Z,1768
2025-10-14T06:00:02Z,1768
2025-10-14T07:00:01Z,1768
2025-10-14T08:00:01Z,1768
2025-10-14T09:00:01Z,1768
2025-10-14T10:00:01Z,1768
2025-10-14T11:00:01Z,1768
2025-10-14T12:00:02Z,1768
2025-10-14T13:00:01Z,1768
2025-10-14T14:00:01Z,1768
2025-10-14T15:00:02Z,1768
2025-10-14T16:00:01Z,1768
2025-10-14T17:00:01Z,1768
2025-10-14T18:00:01Z,1769
2025-10-14T19:00:01Z,1769
2025-10-14T20:00:01Z,1769
2025-10-14T21:00:02Z,1769
2025-10-14T22:00:01Z,1769
2025-10-14T23:00:01Z,1769
2025-10-15T00:00:02Z,1769
2025-10-15T01:00:01Z,1769
2025-10-15T02:00:01Z,1769
2025-10-15T03:00:01Z,1769
2025-10-15T04:00:01Z,1771
2025-10-15T05:00:01Z,1771
2025-10-15T06:00:01Z,1771
2025-10-15T07:00:01Z,1771
2025-10-15T08:00:01Z,1771
2025-10-15T09:00:01Z,1771
2025-10-15T10:00:01Z,1771
2025-10-15T11:00:01Z,1771
2025-10-15T12:00:01Z,1771
2025-10-15T13:00:01Z,1771
2025-10-15T14:00:01Z,1771
2025-10-15T15:00:01Z,1771
2025-10-15T16:00:01Z,1771
2025-10-15T17:00:01Z,1771
2025-10-15T18:00:02Z,1771
2025-10-15T19:00:01Z,1771
2025-10-15T20:00:01Z,1771
2025-10-15T21:00:01Z,1771
2025-10-15T22:00:01Z,1771
2025-10-15T23:00:01Z,1771
2025-10-16T00:00:02Z,1771
2025-10-16T01:00:01Z,1771
2025-10-16T02:00:02Z,1771
2025-10-16T03:00:01Z,1771
2025-10-16T04:00:02Z,1771
2025-10-16T05:00:01Z,1771
2025-10-16T06:00:01Z,1772
2025-10-16T07:00:01Z,1772
2025-10-16T12:00:02Z,1774
2025-10-16T13:00:01Z,1774
2025-10-16T14:00:01Z,1774
2025-10-16T15:00:01Z,1774
2025-10-16T16:00:01Z,1774
2025-10-16T17:00:01Z,1774
2025-10-16T18:00:02Z,1774
2025-10-16T19:00:01Z,1774
2025-10-16T20:00:01Z,1774
2025-10-16T21:00:02Z,1774
2025-10-16T22:00:01Z,1774
2025-10-16T23:00:01Z,1774
2025-10-17T00:00:01Z,1774
2025-10-17T01:00:01Z,1774
2025-10-17T02:00:01Z,1774
2025-10-17T03:00:02Z,1774
2025-10-17T04:00:01Z,1774
2025-10-17T05:00:01Z,1774
2025-10-17T06:00:02Z,1774
2025-10-17T07:00:01Z,1774
2025-10-17T08:00:02Z,1774
2025-10-17T09:00:02Z,1774
2025-10-17T10:00:01Z,1774
2025-10-17T11:00:01Z,1774
2025-10-17T12:00:01Z,1774
2025-10-17T13:00:01Z,1774
2025-10-17T14:00:02Z,1774
2025-10-17T15:00:02Z,1774
2025-10-17T16:00:01Z,1774
2025-10-17T17:00:01Z,1774
2025-10-17T18:00:01Z,1774
2025-10-17T19:00:01Z,1774
2025-10-17T20:00:01Z,1774
2025-10-17T21:00:01Z,1774
2025-10-17T22:00:01Z,1774
2025-10-17T23:00:01Z,1774
2025-10-18T01:00:01Z,1776
2025-10-18T02:00:02Z,1776
2025-10-18T03:00:01Z,1776
2025-10-18T04:00:02Z,1776
2025-10-18T05:00:01Z,1776
2025-10-18T06:00:01Z,1776
2025-10-18T07:00:01Z,1776
2025-10-18T08:00:02Z,1776
2025-10-18T09:00:01Z,1776
2025-10-18T10:00:02Z,1776
2025-10-18T11:00:01Z,1776
2025-10-18T12:00:01Z,1776
2025-10-18T13:00:01Z,1776
2025-10-18T14:00:01Z,1776
2025-10-18T15:00:01Z,1776
2025-10-18T16:00:01Z,1776
2025-10-18T17:00:01Z,1776
2025-10-18T18:00:01Z,1776
2025-10-18T19:00:02Z,1776
2025-10-18T20:00:01Z,1776
2025-10-18T21:00:01Z,1776
2025-10-18T22:00:01Z,1776
2025-10-18T23:00:01Z,1776
2025-10-19T00:00:01Z,1776
2025-10-19T01:00:01Z,1776
2025-10-19T02:00:01Z,1776
2025-10-19T03:00:01Z,1776
2025-10-19T04:00:02Z,1776
2025-10-19T05:00:01Z,1776
2025-10-19T06:00:01Z,1776
2025-10-19T07:00:01Z,1776
2025-10-19T08:00:01Z,1776
2025-10-19T09:00:02Z,1776
2025-10-19T10:00:01Z,1776
2025-10-19T11:00:01Z,1776
2025-10-19T12:00:02Z,1776
2025-10-19T13:00:01Z,1778
2025-10-19T14:00:01Z,1778
2025-10-19T15:00:01Z,1778
2025-10-19T16:00:01Z,1778
2025-10-19T17:00:01Z,1778
2025-10-19T18:00:02Z,1778
2025-10-19T19:00:01Z,1796
2025-10-19T20:00:01Z,1798
2025-10-19T21:00:02Z,1798
2025-10-19T22:00:01Z,1798
2025-10-19T23:00:01Z,1798
2025-10-20T00:00:01Z,1798
2025-10-20T01:00:01Z,1798
2025-10-20T02:00:01Z,1801
2025-10-20T03:00:01Z,1801
2025-10-20T04:00:01Z,1803
2025-10-20T05:00:01Z,1805
2025-10-20T06:00:01Z,1805
2025-10-20T07:00:01Z,1805
2025-10-20T08:00:01Z,1805
2025-10-20T09:00:01Z,1805
2025-10-20T10:00:01Z,1805
2025-10-20T11:00:01Z,1805
2025-10-20T12:00:01Z,1805
2025-10-20T13:00:01Z,1807
2025-10-20T14:00:01Z,1810
2025-10-20T15:00:01Z,1811
2025-10-20T16:00:01Z,1811
2025-10-20T17:00:01Z,1817
2025-10-20T18:00:01Z,1819
2025-10-20T19:00:01Z,1819
2025-10-20T20:00:01Z,1819
2025-10-20T21:00:01Z,1819
2025-10-20T22:00:01Z,1823
2025-10-20T23:00:01Z,1823
2025-10-21T00:00:01Z,1823
2025-10-21T01:00:01Z,1823
2025-10-21T02:00:01Z,1823
2025-10-21T03:00:01Z,1823
2025-10-21T04:00:01Z,1823
2025-10-21T05:00:02Z,1823
2025-10-21T06:00:01Z,1823
2025-10-21T07:00:01Z,1823
2025-10-21T08:00:01Z,1823
2025-10-21T09:00:01Z,1823
2025-10-21T10:00:02Z,1823
2025-10-21T11:00:01Z,1823
2025-10-21T12:00:01Z,1827
2025-10-21T13:00:02Z,1827
2025-10-21T14:00:01Z,1827
2025-10-21T15:00:01Z,1827
2025-10-21T16:00:01Z,1827
2025-10-21T17:00:01Z,1827
2025-10-21T18:00:02Z,1827
2025-10-21T19:00:01Z,1827
2025-10-21T20:00:01Z,1827
2025-10-21T21:00:01Z,1831
2025-10-21T22:00:02Z,1833
2025-10-21T23:00:01Z,1833
2025-10-22T00:00:02Z,1833
2025-10-22T01:00:01Z,1833
2025-10-22T02:00:01Z,1833
2025-10-22T03:00:01Z,1833
2025-10-22T04:00:02Z,1833
2025-10-22T05:00:01Z,1833
2025-10-22T06:00:02Z,1833
2025-10-22T07:00:02Z,1833
2025-10-22T08:00:02Z,1833
2025-10-22T09:00:02Z,1833
2025-10-22T10:00:02Z,1833
2025-10-22T11:00:02Z,1833
2025-10-22T12:00:01Z,1833
2025-10-22T13:00:01Z,1835
2025-10-22T14:00:01Z,1835
2025-10-22T15:00:01Z,1835
2025-10-22T16:00:01Z,1835
2025-10-22T17:00:02Z,1835
2025-10-22T18:00:02Z,1835
2025-10-22T19:00:02Z,1835
2025-10-22T20:00:01Z,1835
2025-10-22T21:00:02Z,1835
2025-10-22T22:00:02Z,1835
2025-10-22T23:00:01Z,1835
2025-10-23T00:00:01Z,1835
2025-10-23T01:00:01Z,1835
2025-10-23T02:00:01Z,1835
2025-10-23T03:00:01Z,1835
2025-10-23T04:00:02Z,1835
2025-10-23T05:00:02Z,1835
2025-10-23T06:00:01Z,1835
2025-10-23T07:00:02Z,1835
2025-10-23T08:00:01Z,1835
2025-10-23T09:00:01Z,1835
2025-10-23T10:00:02Z,1835
2025-10-23T11:00:02Z,1835
2025-10-23T12:00:02Z,1835
2025-10-23T13:00:01Z,1835
2025-10-23T14:00:01Z,1835
2025-10-23T15:00:01Z,1835
2025-10-23T16:00:01Z,1835
2025-10-23T17:00:01Z,1835
2025-10-23T18:00:01Z,1835
2025-10-23T19:00:01Z,1837
2025-10-23T20:00:01Z,1837
2025-10-23T21:00:01Z,1837
2025-10-23T22:00:02Z,1837
2025-10-23T23:00:01Z,1837
2025-10-24T00:00:02Z,1838
2025-10-24T01:00:01Z,1838
2025-10-24T02:00:01Z,1839
2025-10-24T03:00:02Z,1839
2025-10-24T04:00:02Z,1840
2025-10-24T05:00:01Z,1840
2025-10-24T06:00:01Z,1840
2025-10-24T07:00:02Z,1840
2025-10-24T08:00:01Z,1840
2025-10-24T09:00:01Z,1840
2025-10-24T10:00:01Z,1840
2025-10-24T11:00:01Z,1842
2025-10-24T12:00:01Z,1842
2025-10-24T13:00:01Z,1842
2025-10-24T14:00:02Z,1842
2025-10-24T15:00:02Z,1842
2025-10-24T16:00:01Z,1842
2025-10-24T17:00:01Z,1842
2025-10-24T18:00:01Z,1842
2025-10-24T19:00:01Z,1842
2025-10-24T20:00:02Z,1842
2025-10-24T21:00:01Z,1842
2025-10-24T22:00:02Z,1842
2025-10-24T23:00:01Z,1842
2025-10-25T01:00:02Z,1842
2025-10-25T02:00:02Z,1842
2025-10-25T03:00:01Z,1842
2025-10-25T04:00:02Z,1842
2025-10-25T05:00:01Z,1842
2025-10-25T06:00:01Z,1842
2025-10-25T07:00:01Z,1842
2025-10-25T08:00:01Z,1842
2025-10-25T09:00:02Z,1842
2025-10-25T10:00:02Z,1842
2025-10-25T11:00:01Z,1842
2025-10-25T12:00:01Z,1842
2025-10-25T13:00:01Z,1842
2025-10-25T14:00:01Z,1842
2025-10-25T15:00:01Z,1842
2025-10-25T16:00:01Z,1842
2025-10-25T17:00:01Z,1842
2025-10-25T18:00:02Z,1842
2025-10-25T19:00:01Z,1842
2025-10-25T20:00:01Z,1842
2025-10-25T21:00:02Z,1842
2025-10-25T22:00:01Z,1842
2025-10-25T23:00:01Z,1842
2025-10-26T01:00:01Z,1842
2025-10-26T02:00:02Z,1842
2025-10-26T03:00:01Z,1842
2025-10-26T04:00:01Z,1842
2025-10-26T05:00:01Z,1842
2025-10-26T06:00:02Z,1842
2025-10-26T07:00:01Z,1842
2025-10-26T08:00:01Z,1842
2025-10-26T09:00:01Z,1842
2025-10-26T10:00:01Z,1842
2025-10-26T11:00:01Z,1842
2025-10-26T12:00:01Z,1842
2025-10-26T13:00:02Z,1842
2025-10-26T14:00:01Z,1842
2025-10-26T15:00:01Z,1842
2025-10-26T16:00:02Z,1842
2025-10-26T17:00:01Z,1842
2025-10-26T18:00:01Z,1842
2025-10-26T19:00:01Z,1842
2025-10-26T20:00:01Z,1842
2025-10-26T21:00:01Z,1842
2025-10-26T22:00:01Z,1842
2025-10-26T23:00:01Z,1842
2025-10-27T00:00:01Z,1842
2025-10-27T01:00:01Z,1842
2025-10-27T02:00:01Z,1842
2025-10-27T03:00:01Z,1842
2025-10-27T04:00:01Z,1842
2025-10-27T05:00:02Z,1842
2025-10-27T06:00:01Z,1842
2025-10-27T07:00:01Z,1842
2025-10-27T08:00:01Z,1842
2025-10-27T09:00:02Z,1842
2025-10-27T10:00:01Z,1842
2025-10-27T11:00:01Z,1842
2025-10-27T12:00:01Z,1842
2025-10-27T13:00:01Z,1842
2025-10-27T14:00:01Z,1842
2025-10-27T15:00:02Z,1842
2025-10-27T16:00:01Z,1842
2025-10-27T17:00:02Z,1842
2025-10-27T18:00:02Z,1842
2025-10-27T19:00:01Z,1842
2025-10-27T20:00:01Z,1844
2025-10-27T21:00:02Z,1844
2025-10-27T22:00:01Z,1844
2025-10-27T23:00:01Z,1844
2025-10-28T00:00:01Z,1844
2025-10-28T01:00:01Z,1844
2025-10-28T02:00:01Z,1844
2025-10-28T03:00:01Z,1844
2025-10-28T04:00:02Z,1846
2025-10-28T05:00:02Z,1846
2025-10-28T06:00:02Z,1846
2025-10-28T07:00:02Z,1846
2025-10-28T08:00:02Z,1846
2025-10-28T09:00:02Z,1846
2025-10-28T10:00:01Z,1846
2025-10-28T11:00:01Z,1848
2025-10-28T12:00:02Z,1848
2025-10-28T13:00:01Z,1848
2025-10-28T14:00:01Z,1848
2025-10-28T15:00:01Z,1848
2025-10-28T16:00:01Z,1848
2025-10-28T17:00:02Z,1858
2025-10-28T18:00:01Z,1858
2025-10-28T19:00:03Z,1858
2025-10-28T20:00:02Z,1858
2025-10-28T21:00:03Z,1858
2025-10-28T22:00:01Z,1858
2025-10-28T23:00:01Z,1859
2025-10-29T00:00:01Z,1859
2025-10-29T01:00:01Z,1859
2025-10-29T02:00:02Z,1859
2025-10-29T03:00:02Z,1859
2025-10-29T04:00:01Z,1859
2025-10-29T05:00:01Z,1859
2025-10-29T06:00:01Z,1859
2025-10-29T07:00:01Z,1859
2025-10-29T08:00:01Z,1859
2025-10-29T09:00:01Z,1859
2025-10-29T10:00:01Z,1859
2025-10-29T11:00:03Z,1859
2025-10-29T12:00:01Z,1859
2025-10-29T13:00:02Z,1859
2025-10-29T14:00:01Z,1859
2025-10-29T15:00:01Z,1859
2025-10-29T16:00:01Z,1859
2025-10-29T17:00:01Z,1859
2025-10-29T18:00:01Z,1863
2025-10-29T19:00:02Z,1863
2025-10-29T20:00:01Z,1863
2025-10-29T21:00:01Z,1863
2025-10-29T22:00:02Z,1863
2025-10-29T23:00:01Z,1863
2025-10-30T00:00:01Z,1863
2025-10-30T01:00:01Z,1863
2025-10-30T02:00:02Z,1863
2025-10-30T03:00:02Z,1863
2025-10-30T04:00:02Z,1863
2025-10-30T05:00:01Z,1863
2025-10-30T06:00:02Z,1863
2025-10-30T07:00:02Z,1863
2025-10-30T08:00:04Z,1863
2025-10-30T09:00:01Z,1863
2025-10-30T10:00:01Z,1863
2025-10-30T11:00:02Z,1863
2025-10-30T12:00:02Z,1863
2025-10-30T13:00:02Z,1863
2025-10-30T14:00:01Z,1863
2025-10-30T15:00:01Z,1863
2025-10-30T16:00:01Z,1863
2025-10-30T17:00:02Z,1863
2025-10-30T18:00:01Z,1863
2025-10-30T19:00:01Z,1867
2025-10-30T20:00:01Z,1868
2025-10-30T21:00:01Z,1869
2025-10-30T22:00:01Z,1870
2025-10-30T23:00:01Z,1870
2025-10-31T00:00:01Z,1870
2025-10-31T01:00:01Z,1870
2025-10-31T02:00:02Z,1871
2025-10-31T03:00:02Z,1871
2025-10-31T04:00:02Z,1871
2025-10-31T05:00:01Z,1871
2025-10-31T06:00:02Z,1871
2025-10-31T07:00:02Z,1871
2025-10-31T08:00:01Z,1875
2025-10-31T09:00:02Z,1875
2025-10-31T10:00:02Z,1875
2025-10-31T11:00:01Z,1875
2025-10-31T12:00:01Z,1877
2025-10-31T13:00:01Z,1877
2025-10-31T14:00:02Z,1877
2025-10-31T15:00:01Z,1885
2025-10-31T16:00:01Z,1885
2025-10-31T17:00:01Z,1885
2025-10-31T18:00:01Z,1885
2025-10-31T19:00:02Z,1885
2025-10-31T20:00:02Z,1885
2025-10-31T21:00:01Z,1885
2025-10-31T22:00:01Z,1885
2025-10-31T23:00:01Z,1885
2025-11-01T01:00:01Z,1887
2025-11-01T02:00:01Z,1887
2025-11-01T03:00:01Z,1887
2025-11-01T04:00:02Z,1887
2025-11-01T05:00:01Z,1887
2025-11-01T06:00:01Z,1887
2025-11-01T07:00:02Z,1887
2025-11-01T08:00:02Z,1887
2025-11-01T09:00:02Z,1887
2025-11-01T10:00:02Z,1887
2025-11-01T11:00:02Z,1887
2025-11-01T12:00:01Z,1889
2025-11-01T13:00:01Z,1891
2025-11-01T14:00:01Z,1891
2025-11-01T15:00:02Z,1891
2025-11-01T16:00:02Z,1893
2025-11-01T17:00:01Z,1893
2025-11-01T18:00:02Z,1893
2025-11-01T19:00:01Z,1893
2025-11-01T20:00:02Z,1895
2025-11-01T21:00:01Z,1895
2025-11-01T22:00:02Z,1895
2025-11-01T23:00:01Z,1895
2025-11-02T00:00:01Z,1895
2025-11-02T01:00:01Z,1895
2025-11-02T02:00:01Z,1895
2025-11-02T03:00:01Z,1895
2025-11-02T04:00:01Z,1896
2025-11-02T05:00:01Z,1897
2025-11-02T06:00:02Z,1897
2025-11-02T07:00:01Z,1897
2025-11-02T08:00:01Z,1897
2025-11-02T09:00:02Z,1897
2025-11-02T10:00:01Z,1897
2025-11-02T11:00:01Z,1897
2025-11-02T12:00:02Z,1898
2025-11-02T13:00:01Z,1899
2025-11-02T14:00:01Z,1899
2025-11-02T15:00:02Z,1899
2025-11-02T16:00:01Z,1899
2025-11-02T17:00:01Z,1901
2025-11-02T18:00:01Z,1901
2025-11-02T19:00:01Z,1901
2025-11-02T20:00:01Z,1902
2025-11-02T21:00:01Z,1903
2025-11-02T22:00:01Z,1903
2025-11-02T23:00:02Z,1903
2025-11-03T00:00:01Z,1903
2025-11-03T01:00:02Z,1903
2025-11-03T02:00:01Z,1903
2025-11-03T03:00:01Z,1903
2025-11-03T04:00:02Z,1903
2025-11-03T05:00:01Z,1905
2025-11-03T06:00:01Z,1905
2025-11-03T07:00:01Z,1905
2025-11-03T08:00:01Z,1905
2025-11-03T09:00:02Z,1905
2025-11-03T10:00:01Z,1905
2025-11-03T11:00:02Z,1905
2025-11-03T12:00:01Z,1905
2025-11-03T13:00:01Z,1907
2025-11-03T14:00:01Z,1907
2025-11-03T15:00:02Z,1907
2025-11-03T16:00:02Z,1909
2025-11-03T17:00:01Z,1909
2025-11-03T18:00:01Z,1909
2025-11-03T19:00:03Z,1909
2025-11-03T22:00:02Z,1911
2025-11-03T23:00:02Z,1911
2025-11-04T00:00:01Z,1911
2025-11-04T01:00:01Z,1911
2025-11-04T02:00:01Z,1911
2025-11-04T03:00:01Z,1911
2025-11-04T04:00:02Z,1911
2025-11-04T05:00:01Z,1911
2025-11-04T06:00:01Z,1913
2025-11-04T07:00:02Z,1913
2025-11-04T08:00:01Z,1913
2025-11-04T09:00:01Z,1913
2025-11-04T10:00:01Z,1913
2025-11-04T11:00:02Z,1913
2025-11-04T12:00:01Z,1913
2025-11-04T13:00:01Z,1913
2025-11-04T14:00:02Z,1915
2025-11-04T15:00:01Z,1915
2025-11-04T16:00:01Z,1915
2025-11-04T17:00:02Z,1915
2025-11-04T18:00:01Z,1915
2025-11-04T19:00:01Z,1915
2025-11-04T20:00:02Z,1915
2025-11-04T21:00:01Z,1915
2025-11-04T22:00:01Z,1917
2025-11-04T23:00:01Z,1917
2025-11-05T00:00:01Z,1917
2025-11-05T01:00:01Z,1917
2025-11-05T02:00:02Z,1917
2025-11-05T03:00:01Z,1917
2025-11-05T04:00:01Z,1917
2025-11-05T05:00:01Z,1917
2025-11-05T06:00:01Z,1917
2025-11-05T07:00:02Z,1919
2025-11-05T08:00:01Z,1919
2025-11-05T09:00:01Z,1919
2025-11-05T10:00:01Z,1919
2025-11-05T11:00:02Z,1919
2025-11-05T12:00:01Z,1919
2025-11-05T13:00:02Z,1919
2025-11-05T14:00:01Z,1919
2025-11-05T15:00:01Z,1927
2025-11-05T16:00:02Z,1927
2025-11-05T17:00:02Z,1927
2025-11-05T18:00:01Z,1927
2025-11-05T19:00:02Z,1927
2025-11-05T20:00:01Z,1929
2025-11-05T21:00:01Z,1930
2025-11-05T22:00:01Z,1930
2025-11-05T23:00:01Z,1932
2025-11-06T00:00:01Z,1932
2025-11-06T01:00:01Z,1932
2025-11-06T02:00:02Z,1932
2025-11-06T03:00:01Z,1932
2025-11-06T04:00:02Z,1932
2025-11-06T05:00:01Z,1932
2025-11-06T06:00:01Z,1932
2025-11-06T07:00:01Z,1932
2025-11-06T08:00:01Z,1932
2025-11-06T09:00:01Z,1932
2025-11-06T10:00:01Z,1932
2025-11-06T11:00:01Z,1932
2025-11-06T12:00:02Z,1932
2025-11-06T13:00:01Z,1932
2025-11-06T14:00:01Z,1936
2025-11-06T15:00:01Z,1936
2025-11-06T16:00:02Z,1936
2025-11-06T17:00:01Z,1936
2025-11-06T19:00:02Z,1936
2025-11-06T20:00:02Z,1936
2025-11-06T21:00:35Z,1936
2025-11-07T03:00:01Z,1936
2025-11-07T05:00:02Z,1936
2025-11-07T06:00:01Z,1936
2025-11-07T07:00:01Z,1936
2025-11-07T08:00:01Z,1936
2025-11-07T09:00:01Z,1936
2025-11-07T10:00:02Z,1936
2025-11-07T11:00:01Z,1936
2025-11-07T12:00:02Z,1936
2025-11-07T13:00:01Z,1936
2025-11-07T14:00:01Z,1936
2025-11-07T15:00:01Z,1936
2025-11-07T16:00:01Z,1936
2025-11-07T17:00:01Z,1936
2025-11-07T18:00:01Z,1936
2025-11-07T19:00:01Z,1936
2025-11-07T20:00:03Z,1936
2025-11-07T21:00:02Z,1936
2025-11-07T22:00:02Z,1936
2025-11-07T23:00:01Z,1936
2025-11-08T00:00:01Z,1936
2025-11-08T01:00:01Z,1942
2025-11-08T02:00:01Z,1942
2025-11-08T03:00:01Z,1946
2025-11-08T04:00:02Z,1946
2025-11-08T05:00:01Z,1946
2025-11-08T06:00:01Z,1948
2025-11-08T07:00:01Z,1948
2025-11-08T08:00:01Z,1948
2025-11-08T09:00:02Z,1949
2025-11-08T10:00:02Z,1949
2025-11-08T11:00:01Z,1949
2025-11-08T12:00:01Z,1949
2025-11-08T13:00:01Z,1949
2025-11-08T14:00:02Z,1949
2025-11-08T15:00:02Z,1949
2025-11-08T16:00:01Z,1949
2025-11-08T17:00:02Z,1949
2025-11-08T18:00:01Z,1949
2025-11-08T19:00:01Z,1949
2025-11-08T20:00:01Z,1949
2025-11-08T21:00:02Z,1949
2025-11-08T22:00:01Z,1949
2025-11-08T23:00:01Z,1949
2025-11-09T00:00:01Z,1949
2025-11-09T01:00:01Z,1949
2025-11-09T02:00:01Z,1949
2025-11-09T03:00:02Z,1949
2025-11-09T04:00:02Z,1949
2025-11-09T05:00:01Z,1949
2025-11-09T06:00:01Z,1949
2025-11-09T07:00:01Z,1949
2025-11-09T08:00:02Z,1949
2025-11-09T09:00:01Z,1949
2025-11-09T10:00:01Z,1949
2025-11-09T11:00:01Z,1949
2025-11-09T12:00:01Z,1949
2025-11-09T13:00:01Z,1949
2025-11-09T14:00:01Z,1949
2025-11-09T15:00:01Z,1949
2025-11-09T16:00:01Z,1949
2025-11-09T17:00:01Z,1949
2025-11-09T18:00:01Z,1949
2025-11-09T19:00:01Z,1949
2025-11-09T20:00:02Z,1949
2025-11-09T21:00:01Z,1950
2025-11-09T22:00:01Z,1950
2025-11-09T23:00:01Z,1957
2025-11-10T00:00:01Z,1957
2025-11-10T01:00:01Z,1957
2025-11-10T02:00:01Z,1957
2025-11-10T03:00:01Z,1957
2025-11-10T04:00:02Z,1957
2025-11-10T05:00:01Z,1957
2025-11-10T06:00:01Z,1957
2025-11-10T07:00:01Z,1957
2025-11-10T08:00:02Z,1957
2025-11-10T09:00:01Z,1957
2025-11-10T10:00:01Z,1957
2025-11-10T11:00:01Z,1959
2025-11-10T12:00:01Z,1959
2025-11-10T13:00:02Z,1959
2025-11-10T14:00:01Z,1959
2025-11-10T15:00:02Z,1959
2025-11-10T16:00:01Z,1959
2025-11-10T17:00:01Z,1959
2025-11-10T18:00:01Z,1959
2025-11-10T19:00:02Z,1959
2025-11-10T20:00:01Z,1960
2025-11-10T21:00:01Z,1960
2025-11-10T22:00:01Z,1960
2025-11-10T23:00:02Z,1960
2025-11-11T00:00:03Z,1960
2025-11-11T01:00:01Z,1960
2025-11-11T02:00:02Z,1960
2025-11-11T03:00:01Z,1960
2025-11-11T04:00:01Z,1960
2025-11-11T05:00:01Z,1960
2025-11-11T06:00:01Z,1960
2025-11-11T07:00:01Z,1960
2025-11-11T08:00:01Z,1960
2025-11-11T09:00:01Z,1960
2025-11-11T10:00:01Z,1960
2025-11-11T11:00:01Z,1960
2025-11-11T12:00:01Z,1960
2025-11-11T13:00:01Z,1960
2025-11-11T14:00:01Z,1960
2025-11-11T15:00:01Z,1960
2025-11-11T16:00:02Z,1960
2025-11-11T17:00:02Z,1960
2025-11-11T18:00:01Z,1960
2025-11-11T19:00:02Z,1960
2025-11-11T20:00:01Z,1960
2025-11-11T21:00:01Z,1962
2025-11-11T22:00:02Z,1962
2025-11-11T23:00:01Z,1962
2025-11-12T00:00:02Z,1962
2025-11-12T01:00:02Z,1962
2025-11-12T02:00:03Z,1962
2025-11-12T03:00:01Z,1962
2025-11-12T04:00:02Z,1962
2025-11-12T05:00:03Z,1962
2025-11-12T06:00:01Z,1962
2025-11-12T07:00:02Z,1962
2025-11-12T08:00:01Z,1962
2025-11-12T09:00:02Z,1962
2025-11-12T10:00:01Z,1962
2025-11-12T11:00:02Z,1962
2025-11-12T12:00:01Z,1962
2025-11-12T13:00:01Z,1962
2025-11-12T14:00:01Z,1966
2025-11-12T15:00:01Z,1968
2025-11-12T16:00:01Z,1968
2025-11-12T17:00:02Z,1968
2025-11-12T18:00:01Z,1968
2025-11-12T19:00:02Z,1968
2025-11-12T20:00:01Z,1968
2025-11-12T21:00:02Z,1968
2025-11-12T22:00:01Z,1968
2025-11-12T23:00:01Z,1968
2025-11-13T00:00:02Z,1968
2025-11-13T01:00:01Z,1968
2025-11-13T02:00:01Z,1968
2025-11-13T03:00:01Z,1968
2025-11-13T04:00:02Z,1968
2025-11-13T05:00:02Z,1968
2025-11-13T06:00:02Z,1968
2025-11-13T07:00:01Z,1968
2025-11-13T08:00:02Z,1968
2025-11-13T09:00:01Z,1968
2025-11-13T10:00:01Z,1968
2025-11-13T11:00:01Z,1968
2025-11-13T12:00:02Z,1968
2025-11-13T13:00:01Z,1968
2025-11-13T14:00:03Z,1968
2025-11-13T15:00:02Z,1968
2025-11-13T16:00:01Z,1968
2025-11-13T17:00:02Z,1968
2025-11-13T18:00:01Z,1968
2025-11-13T19:00:02Z,1970
2025-11-13T20:00:02Z,1970
2025-11-13T21:00:02Z,1970
2025-11-13T22:00:02Z,1970
2025-11-13T23:00:02Z,1970
2025-11-14T00:00:02Z,1970
2025-11-14T01:00:01Z,1970
2025-11-14T02:00:01Z,1970
2025-11-14T03:00:01Z,1970
2025-11-14T04:00:01Z,1970
2025-11-14T05:00:02Z,1970
2025-11-14T06:00:01Z,1970
2025-11-14T07:00:01Z,1970
2025-11-14T08:00:01Z,1970
2025-11-14T09:00:01Z,1970
2025-11-14T10:00:01Z,1970
2025-11-14T11:00:01Z,1970
2025-11-14T12:00:01Z,1970
2025-11-14T13:00:01Z,1970
2025-11-14T14:00:01Z,1970
2025-11-14T15:00:02Z,1970
2025-11-14T16:00:01Z,1970
2025-11-14T17:00:01Z,1972
2025-11-14T18:00:02Z,1972
2025-11-14T19:00:01Z,1972
2025-11-14T20:00:01Z,1972
2025-11-14T21:00:01Z,1972
2025-11-14T22:00:02Z,1972
2025-11-14T23:00:01Z,1972
2025-11-15T01:00:02Z,1972
2025-11-15T02:00:01Z,1972
2025-11-15T03:00:01Z,1972
2025-11-15T04:00:01Z,1974
2025-11-15T05:00:02Z,1974
2025-11-15T06:00:01Z,1974
2025-11-15T07:00:01Z,1974
2025-11-15T08:00:01Z,1974
2025-11-15T09:00:02Z,1974
2025-11-15T10:00:02Z,1974
2025-11-15T11:00:01Z,1974
2025-11-15T12:00:02Z,1974
2025-11-15T13:00:01Z,1974
2025-11-15T14:00:01Z,1974
2025-11-15T15:00:02Z,1974
2025-11-15T16:00:02Z,1974
2025-11-15T17:00:01Z,1974
2025-11-15T18:00:02Z,1974
2025-11-15T19:00:01Z,1974
2025-11-15T20:00:01Z,1974
2025-11-15T21:00:02Z,1974
2025-11-15T22:00:02Z,1974
2025-11-15T23:00:01Z,1974
2025-11-16T01:00:02Z,1974
2025-11-16T02:00:02Z,1974
2025-11-16T03:00:01Z,1974
2025-11-16T04:00:01Z,1977
2025-11-16T05:00:01Z,1977
2025-11-16T06:00:01Z,1977
2025-11-16T07:00:01Z,1977
2025-11-16T08:00:01Z,1977
2025-11-16T09:00:01Z,1977
2025-11-16T10:00:01Z,1977
2025-11-16T11:00:01Z,1977
2025-11-16T12:00:01Z,1977
2025-11-16T13:00:02Z,1977
2025-11-16T14:00:01Z,1977
2025-11-16T15:00:01Z,1977
2025-11-16T16:00:01Z,1977
2025-11-16T17:00:01Z,1977
2025-11-16T18:00:02Z,1977
2025-11-16T19:00:01Z,1977
2025-11-16T20:00:02Z,1977
2025-11-16T21:00:01Z,1977
2025-11-16T22:00:03Z,1977
2025-11-16T23:00:01Z,1977
2025-11-17T00:00:01Z,1977
2025-11-17T01:00:01Z,1977
2025-11-17T02:00:01Z,1978
2025-11-17T03:00:01Z,1979
2025-11-17T04:00:01Z,1979
2025-11-17T05:00:01Z,1979
2025-11-17T06:00:01Z,1979
2025-11-17T07:00:01Z,1979
2025-11-17T08:00:01Z,1979
2025-11-17T09:00:01Z,1979
2025-11-17T10:00:02Z,1979
2025-11-17T11:00:01Z,1979
2025-11-17T12:00:02Z,1979
2025-11-17T13:00:02Z,1979
2025-11-17T14:00:02Z,1979
2025-11-17T15:00:01Z,1979
2025-11-17T16:00:02Z,1979
2025-11-17T17:00:01Z,1979
2025-11-17T18:00:01Z,1979
2025-11-17T19:00:01Z,1979
2025-11-17T20:00:01Z,1979
2025-11-17T21:00:01Z,1979
2025-11-17T22:00:02Z,1979
2025-11-17T23:00:01Z,1979
2025-11-18T00:00:01Z,1979
2025-11-18T01:00:02Z,1979
2025-11-18T02:00:01Z,1979
2025-11-18T03:00:01Z,1979
2025-11-18T04:00:01Z,1979
2025-11-18T05:00:02Z,1979
2025-11-18T06:00:02Z,1979
2025-11-18T07:00:02Z,1979
2025-11-18T08:00:02Z,1979
2025-11-18T09:00:02Z,1979
2025-11-18T10:00:02Z,1979
2025-11-18T11:00:01Z,1979
2025-11-18T12:00:01Z,1979
2025-11-18T13:00:01Z,1979
2025-11-18T14:00:01Z,1979
2025-11-18T15:00:02Z,1979
2025-11-18T16:00:02Z,1979
2025-11-18T17:00:02Z,1979
2025-11-18T18:00:02Z,1979
2025-11-18T19:00:01Z,1979
2025-11-18T20:00:01Z,1979
2025-11-18T21:00:02Z,1979
2025-11-18T22:00:01Z,1979
2025-11-18T23:00:02Z,1979
2025-11-19T01:00:01Z,1979
2025-11-19T02:00:01Z,1979
2025-11-19T03:00:02Z,1979
2025-11-19T04:00:01Z,1979
2025-11-19T05:00:02Z,1979
2025-11-19T06:00:01Z,1981
2025-11-19T07:00:02Z,1981
2025-11-19T08:00:01Z,1981
2025-11-19T09:00:01Z,1981
2025-11-19T10:00:01Z,1981
2025-11-19T11:00:02Z,1981
2025-11-19T12:00:01Z,1981
2025-11-19T13:00:02Z,1981
2025-11-19T14:00:01Z,1981
2025-11-19T15:00:01Z,1981
2025-11-19T16:00:01Z,1981
2025-11-19T17:00:02Z,1981
2025-11-19T18:00:01Z,1981
2025-11-19T19:00:01Z,1981
2025-11-19T20:00:01Z,1981
2025-11-19T21:00:01Z,1981
2025-11-19T22:00:02Z,1981
2025-11-19T23:00:01Z,1982
2025-11-20T00:00:01Z,1982
2025-11-20T01:00:02Z,1982
2025-11-20T02:00:01Z,1982
2025-11-20T03:00:01Z,1982
2025-11-20T04:00:01Z,1982
2025-11-20T05:00:01Z,1982
2025-11-20T06:00:01Z,1982
2025-11-20T07:00:01Z,1982
2025-11-20T08:00:02Z,1982
2025-11-20T09:00:01Z,1984
2025-11-20T10:00:01Z,1984
2025-11-20T11:00:01Z,1984
2025-11-20T12:00:01Z,1984
2025-11-20T13:00:01Z,1984
2025-11-20T14:00:01Z,1984
2025-11-20T15:00:01Z,1984
2025-11-20T17:00:01Z,1984
2025-11-20T18:00:01Z,1984
2025-11-20T19:00:01Z,1984
2025-11-20T21:00:02Z,1984
2025-11-21T14:00:01Z,1986
2025-11-21T15:00:01Z,1986
2025-11-21T16:00:02Z,1986
2025-11-21T17:00:01Z,1986
2025-11-21T18:00:02Z,1986
2025-11-21T19:00:01Z,1986
2025-11-21T20:00:01Z,1986
2025-11-21T21:00:01Z,1986
2025-11-21T22:00:01Z,1986
2025-11-21T23:00:02Z,1986
2025-11-22T01:00:02Z,1986
2025-11-22T02:00:01Z,1986
2025-11-22T03:00:01Z,1986
2025-11-22T04:00:01Z,1986
2025-11-22T05:00:02Z,1986
2025-11-22T06:00:01Z,1986
2025-11-22T07:00:01Z,1986
2025-11-22T08:00:01Z,1986
2025-11-22T09:00:01Z,1986
2025-11-22T10:00:02Z,1986
2025-11-22T11:00:01Z,1986
2025-11-22T12:00:01Z,1988
2025-11-22T13:00:01Z,1988
2025-11-22T14:00:01Z,1988
2025-11-22T15:00:01Z,1989
2025-11-22T16:00:01Z,1989
2025-11-22T17:00:01Z,1989
2025-11-22T18:00:01Z,1989
2025-11-22T19:00:01Z,1989
2025-11-22T20:00:02Z,1989
2025-11-22T21:00:01Z,1989
2025-11-22T22:00:01Z,1989
2025-11-22T23:00:01Z,1989
2025-11-23T01:00:02Z,1989
2025-11-23T02:00:01Z,1989
2025-11-23T03:00:01Z,1989
2025-11-23T04:00:02Z,1989
2025-11-23T05:00:02Z,1989
2025-11-23T06:00:01Z,1989
2025-11-23T07:00:01Z,1989
2025-11-23T08:00:02Z,1989
2025-11-23T09:00:02Z,1989
2025-11-23T10:00:01Z,1989
2025-11-23T11:00:01Z,1989
2025-11-23T12:00:01Z,1989
2025-11-23T13:00:02Z,1989
2025-11-23T14:00:01Z,1989
2025-11-23T15:00:01Z,1989
2025-11-23T16:00:02Z,1989
2025-11-23T17:00:01Z,1990
2025-11-23T18:00:02Z,1990
2025-11-23T19:00:01Z,1990
2025-11-23T20:00:01Z,1990
2025-11-23T21:00:01Z,1990
2025-11-23T22:00:01Z,1990
2025-11-23T23:00:01Z,1990
2025-11-24T00:00:01Z,1990
2025-11-24T01:00:01Z,1990
2025-11-24T02:00:01Z,1990
2025-11-24T03:00:01Z,1990
2025-11-24T04:00:01Z,1990
2025-11-24T05:00:01Z,1990
2025-11-24T06:00:01Z,1990
2025-11-24T07:00:01Z,1990
2025-11-24T08:00:01Z,1990
2025-11-24T09:00:02Z,1990
2025-11-24T10:00:01Z,1990
2025-11-24T11:00:01Z,1990
2025-11-24T12:00:01Z,1990
2025-11-24T13:00:01Z,1990
2025-11-24T14:00:02Z,1990
2025-11-24T15:00:01Z,1990
2025-11-24T16:00:01Z,1990
2025-11-24T17:00:01Z,1990
2025-11-24T18:00:01Z,1992
2025-11-24T19:00:01Z,1992
2025-11-24T20:00:01Z,1992
2025-11-24T21:00:01Z,1994
2025-11-24T22:00:01Z,1994
2025-11-24T23:00:01Z,1994
2025-11-25T00:00:02Z,1994
2025-11-25T01:00:01Z,1994
2025-11-25T02:00:01Z,1994
2025-11-25T03:00:02Z,1994
2025-11-25T04:00:02Z,1994
2025-11-25T05:00:01Z,1994
2025-11-25T06:00:01Z,1994
2025-11-25T07:00:01Z,1994
2025-11-25T08:00:01Z,1994
2025-11-25T09:00:01Z,1994
2025-11-25T10:00:01Z,1994
2025-11-25T11:00:01Z,1994
2025-11-25T12:00:02Z,1994
2025-11-25T13:00:01Z,1994
2025-11-25T14:00:01Z,1994
2025-11-25T15:00:01Z,1994
2025-11-25T16:00:01Z,1994
2025-11-25T17:00:01Z,1994
2025-11-25T18:00:01Z,1994
2025-11-25T19:00:01Z,1994
2025-11-25T20:00:01Z,1994
2025-11-25T21:00:01Z,1994
2025-11-25T22:00:01Z,1994
2025-11-25T23:00:01Z,1994
2025-11-26T00:00:02Z,1996
2025-11-26T01:00:02Z,1996
2025-11-26T02:00:01Z,1996
2025-11-26T03:00:02Z,1996
2025-11-26T04:00:01Z,1996
2025-11-26T05:00:01Z,1996
2025-11-26T06:00:02Z,1996
2025-11-26T07:00:01Z,1996
2025-11-26T08:00:01Z,1996
2025-11-26T09:00:01Z,1996
2025-11-26T10:00:01Z,1996
2025-11-26T11:00:01Z,1996
2025-11-26T12:00:01Z,1996
2025-11-26T13:00:02Z,1996
2025-11-26T14:00:01Z,1996
2025-11-26T15:00:01Z,1996
2025-11-26T16:00:02Z,1996
2025-11-26T17:00:01Z,1996
2025-11-26T18:00:01Z,1996
2025-11-26T19:00:01Z,1996
2025-11-26T20:00:01Z,1996
2025-11-26T21:00:02Z,1996
2025-11-26T22:00:01Z,1996
2025-11-26T23:00:02Z,1996
2025-11-27T00:00:02Z,1996
2025-11-27T01:00:01Z,1996
2025-11-27T02:00:01Z,1996
2025-11-27T03:00:01Z,1996
2025-11-27T04:00:01Z,1996
2025-11-27T05:00:02Z,1996
2025-11-27T06:00:01Z,1996
2025-11-27T07:00:01Z,1996
2025-11-27T08:00:01Z,1996
2025-11-27T09:00:01Z,1996
2025-11-27T10:00:01Z,1996
2025-11-27T11:00:01Z,1996
2025-11-27T12:00:01Z,1996
2025-11-27T13:00:01Z,1996
2025-11-27T14:00:02Z,1996
2025-11-27T15:00:01Z,1996
2025-11-27T16:00:01Z,1996
2025-11-27T17:00:02Z,1996
2025-11-27T18:00:01Z,1996
2025-11-27T19:00:02Z,1996
2025-11-27T20:00:02Z,1996
2025-11-27T21:00:02Z,1996
2025-11-27T22:00:02Z,1996
2025-11-27T23:00:01Z,1996
2025-11-28T00:00:01Z,1996
2025-11-28T01:00:02Z,1996
2025-11-28T02:00:02Z,1996
2025-11-28T03:00:02Z,1996
2025-11-28T04:00:02Z,1996
2025-11-28T05:00:02Z,1996
2025-11-28T06:00:02Z,1996
2025-11-28T07:00:02Z,1996
2025-11-28T08:00:02Z,1996
2025-11-28T09:00:01Z,1996
2025-11-28T10:00:01Z,1996
2025-11-28T11:00:02Z,1996
2025-11-28T12:00:02Z,1996
2025-11-28T13:00:02Z,1996
2025-11-28T14:00:01Z,1996
2025-11-28T15:00:01Z,1998
2025-11-28T16:00:01Z,1998
2025-11-28T17:00:01Z,1998
2025-11-28T18:00:02Z,1998
2025-11-28T19:00:01Z,1998
2025-11-28T20:00:01Z,1998
2025-11-28T21:00:01Z,1998
2025-11-28T22:00:01Z,1998
2025-11-28T23:00:01Z,1998
2025-11-29T00:00:02Z,1998
2025-11-29T01:00:02Z,1998
2025-11-29T02:00:01Z,1998
2025-11-29T03:00:02Z,1998
2025-11-29T04:00:01Z,1998
2025-11-29T05:00:02Z,1998
2025-11-29T06:00:02Z,1998
2025-11-29T07:00:02Z,1998
2025-11-29T08:00:01Z,1998
2025-11-29T09:00:01Z,1998
2025-11-29T10:00:02Z,1998
2025-11-29T11:00:02Z,1998
2025-11-29T12:00:01Z,1998
2025-11-29T13:00:02Z,1998
2025-11-29T14:00:01Z,1998
2025-11-29T15:00:01Z,1998
2025-11-29T16:00:01Z,1998
2025-11-29T17:00:01Z,1998
2025-11-29T18:00:01Z,1998
2025-11-29T19:00:01Z,1998
2025-11-29T20:00:01Z,1998
2025-11-29T21:00:01Z,1998
2025-11-29T22:00:01Z,1998
2025-11-29T23:00:01Z,1998
2025-11-30T00:00:01Z,1998
2025-11-30T01:00:01Z,1998
2025-11-30T02:00:01Z,2000
2025-11-30T03:00:01Z,2000
2025-11-30T04:00:01Z,2000
2025-11-30T05:00:02Z,2000
2025-11-30T06:00:01Z,2000
2025-11-30T07:00:01Z,2000
2025-11-30T08:00:01Z,2000
2025-11-30T09:00:02Z,2000
2025-11-30T10:00:01Z,2002
2025-11-30T11:00:01Z,2002
2025-11-30T12:00:01Z,2002
2025-11-30T13:00:02Z,2002
2025-11-30T14:00:02Z,2002
2025-11-30T15:00:01Z,2002
2025-11-30T16:00:01Z,2002
2025-11-30T17:00:02Z,2002
2025-11-30T18:00:01Z,2002
2025-11-30T19:00:01Z,2002
2025-11-30T20:00:01Z,2002
2025-11-30T21:00:02Z,2002
2025-11-30T22:00:02Z,2002
2025-11-30T23:00:02Z,2002
2025-12-01T00:00:01Z,2002
2025-12-01T01:00:02Z,2002
2025-12-01T02:00:01Z,2002
2025-12-01T03:00:01Z,2002
2025-12-01T04:00:01Z,2002
2025-12-01T05:00:02Z,2002
2025-12-01T06:00:02Z,2002
2025-12-01T07:00:02Z,2002
2025-12-01T08:00:01Z,2002
2025-12-01T09:00:02Z,2002
2025-12-01T10:00:02Z,2002
2025-12-01T11:00:02Z,2002
2025-12-01T12:00:01Z,2002
2025-12-01T13:00:02Z,2002
2025-12-01T14:00:01Z,2004
2025-12-01T15:00:01Z,2004
2025-12-01T16:00:01Z,2004
2025-12-01T17:00:01Z,2004
2025-12-01T18:00:01Z,2004
2025-12-01T19:00:01Z,2004
2025-12-01T20:00:02Z,2004
2025-12-01T21:00:01Z,2004
2025-12-01T22:00:01Z,2004
2025-12-01T23:00:02Z,2004
2025-12-02T00:00:02Z,2004
2025-12-02T01:00:02Z,2005
2025-12-02T02:00:02Z,2007
2025-12-02T03:00:02Z,2007
2025-12-02T04:00:01Z,2007
2025-12-02T05:00:02Z,2007
2025-12-02T06:00:02Z,2007
2025-12-02T07:00:02Z,2007
2025-12-02T08:00:02Z,2007
2025-12-02T09:00:01Z,2007
2025-12-02T10:00:02Z,2007
2025-12-02T11:00:02Z,2007
2025-12-02T12:00:01Z,2007
2025-12-02T13:00:02Z,2007
2025-12-02T14:00:01Z,2007
2025-12-02T15:00:01Z,2007
2025-12-02T16:00:01Z,2007
2025-12-02T17:00:01Z,2007
2025-12-02T18:00:01Z,2007
2025-12-02T19:00:01Z,2007
2025-12-02T20:00:01Z,2007
2025-12-02T21:00:01Z,2007
2025-12-02T22:00:01Z,2007
2025-12-02T23:00:01Z,2007
2025-12-03T00:00:02Z,2007
2025-12-03T01:00:01Z,2007
2025-12-03T02:00:01Z,2007
2025-12-03T03:00:01Z,2007
2025-12-03T04:00:01Z,2007
2025-12-03T05:00:02Z,2011
2025-12-03T06:00:01Z,2013
2025-12-03T07:00:01Z,2013
2025-12-03T08:00:01Z,2013
2025-12-03T09:00:02Z,2013
2025-12-03T10:00:01Z,2013
2025-12-03T11:00:01Z,2013
2025-12-03T12:00:01Z,2013
2025-12-03T13:00:01Z,2013
2025-12-03T14:00:02Z,2013
2025-12-03T15:00:01Z,2013
2025-12-03T16:00:02Z,2013
2025-12-03T17:00:01Z,2014
2025-12-03T18:00:01Z,2014
2025-12-03T19:00:01Z,2014
2025-12-03T20:00:01Z,2014
2025-12-03T21:00:01Z,2014
2025-12-03T22:00:01Z,2014
2025-12-03T23:00:01Z,2014
2025-12-04T00:00:01Z,2014
2025-12-04T01:00:02Z,2014
2025-12-04T02:00:01Z,2014
2025-12-04T03:00:01Z,2014
2025-12-04T04:00:01Z,2014
2025-12-04T05:00:02Z,2014
2025-12-04T06:00:01Z,2014
2025-12-04T07:00:01Z,2014
2025-12-04T08:00:01Z,2014
2025-12-04T09:00:02Z,2014
2025-12-04T10:00:02Z,2014
2025-12-04T11:00:01Z,2014
2025-12-04T12:00:01Z,2014
2025-12-04T13:00:01Z,2014
2025-12-04T14:00:01Z,2014
2025-12-04T15:00:02Z,2014
2025-12-04T16:00:01Z,2014
2025-12-04T17:00:02Z,2014
2025-12-04T18:00:01Z,2014
2025-12-04T19:00:01Z,2015
2025-12-04T20:00:02Z,2015
2025-12-04T21:00:02Z,2015
2025-12-04T22:00:01Z,2015
2025-12-04T23:00:01Z,2015
2025-12-05T01:00:02Z,2015
2025-12-05T02:00:01Z,2015
2025-12-05T03:00:01Z,2015
2025-12-05T04:00:01Z,2015
2025-12-05T05:00:01Z,2015
2025-12-05T06:00:01Z,2015
2025-12-05T07:00:02Z,2015
2025-12-05T08:00:01Z,2015
2025-12-05T09:00:01Z,2015
2025-12-05T10:00:02Z,2019
2025-12-05T11:00:02Z,2020
2025-12-05T12:00:01Z,2020
2025-12-05T13:00:01Z,2020
2025-12-05T14:00:01Z,2020
2025-12-05T15:00:01Z,2020
2025-12-05T16:00:01Z,2020
2025-12-05T17:00:01Z,2020
2025-12-05T18:00:01Z,2020
2025-12-05T19:00:02Z,2020
2025-12-05T20:00:01Z,2020
2025-12-05T21:00:01Z,2020
2025-12-05T22:00:02Z,2020
2025-12-05T23:00:01Z,2020
2025-12-06T01:00:02Z,2020
2025-12-06T02:00:02Z,2020
2025-12-06T03:00:01Z,2020
2025-12-06T04:00:01Z,2020
2025-12-06T05:00:02Z,2020
2025-12-06T06:00:01Z,2021
2025-12-06T07:00:01Z,2021
2025-12-06T08:00:01Z,2021
2025-12-06T09:00:01Z,2021
2025-12-06T10:00:01Z,2021
2025-12-06T11:00:01Z,2021
2025-12-06T12:00:01Z,2021
2025-12-06T13:00:02Z,2021
2025-12-06T14:00:01Z,2021
2025-12-06T15:00:02Z,2021
2025-12-06T16:00:02Z,2021
2025-12-06T17:00:01Z,2021
2025-12-06T18:00:02Z,2021
2025-12-06T19:00:01Z,2021
2025-12-06T20:00:01Z,2021
2025-12-06T21:00:01Z,2021
2025-12-06T22:00:01Z,2021
2025-12-06T23:00:02Z,2022
2025-12-07T00:00:01Z,2022
2025-12-07T01:00:01Z,2022
2025-12-07T02:00:01Z,2022
2025-12-07T03:00:01Z,2022
2025-12-07T04:00:01Z,2022
2025-12-07T05:00:01Z,2022
2025-12-07T06:00:01Z,2022
2025-12-07T07:00:01Z,2022
2025-12-07T08:00:02Z,2022
2025-12-07T09:00:01Z,2022
2025-12-07T10:00:01Z,2022
2025-12-07T11:00:01Z,2022
2025-12-07T12:00:01Z,2022
2025-12-07T13:00:01Z,2022
2025-12-07T14:00:01Z,2022
2025-12-07T15:00:02Z,2022
2025-12-07T16:00:01Z,2022
2025-12-07T17:00:01Z,2022
2025-12-07T18:00:01Z,2022
2025-12-07T19:00:01Z,2022
2025-12-07T20:00:01Z,2022
2025-12-07T21:00:01Z,2022
2025-12-07T22:00:01Z,2022
2025-12-07T23:00:01Z,2022
2025-12-08T01:00:01Z,2023
2025-12-08T02:00:01Z,2023
2025-12-08T03:00:01Z,2023
2025-12-08T04:00:01Z,2023
2025-12-08T05:00:01Z,2023
2025-12-08T06:00:01Z,2023
2025-12-08T07:00:01Z,2023
2025-12-08T08:00:01Z,2023
2025-12-08T09:00:01Z,2023
2025-12-08T10:00:02Z,2023
2025-12-08T11:00:01Z,2023
2025-12-08T12:00:01Z,2023
2025-12-08T13:00:01Z,2023
2025-12-08T14:00:01Z,2023
2025-12-08T15:00:02Z,2023
2025-12-08T16:00:01Z,2023
2025-12-08T17:00:01Z,2023
2025-12-08T18:00:02Z,2023
2025-12-08T19:00:01Z,2023
2025-12-08T20:00:01Z,2023
2025-12-08T21:00:01Z,2023
2025-12-08T22:00:02Z,2023
2025-12-08T23:00:02Z,2023
2025-12-09T00:00:01Z,2023
2025-12-09T01:00:01Z,2023
2025-12-09T02:00:01Z,2023
2025-12-09T03:00:01Z,2023
2025-12-09T04:00:01Z,2023
2025-12-09T05:00:01Z,2023
2025-12-09T06:00:01Z,2023
2025-12-09T07:00:01Z,2023
2025-12-09T08:00:01Z,2023
2025-12-09T09:00:02Z,2023
2025-12-09T10:00:02Z,2023
2025-12-09T11:00:01Z,2023
2025-12-09T12:00:01Z,2023
2025-12-09T13:00:01Z,2023
2025-12-09T14:00:01Z,2023
2025-12-09T15:00:01Z,2023
2025-12-09T16:00:02Z,2023
2025-12-09T17:00:01Z,2023
2025-12-09T18:00:01Z,2023
2025-12-09T19:00:01Z,2023
2025-12-09T20:00:01Z,2027
2025-12-09T21:00:02Z,2027
2025-12-09T22:00:01Z,2027
2025-12-09T23:00:01Z,2027
2025-12-10T01:00:01Z,2027
2025-12-10T02:00:01Z,2027
2025-12-10T03:00:01Z,2027
2025-12-10T04:00:01Z,2029
2025-12-10T05:00:01Z,2029
2025-12-10T06:00:01Z,2029
2025-12-10T07:00:01Z,2029
2025-12-10T08:00:01Z,2029
2025-12-10T12:00:01Z,2029
2025-12-10T15:00:51Z,2029
2025-12-10T16:00:01Z,2029
2025-12-10T17:00:01Z,2037
2025-12-10T18:00:01Z,2037
2025-12-10T19:00:01Z,2037
2025-12-10T20:00:01Z,2041
2025-12-10T21:00:01Z,2041
2025-12-10T22:00:01Z,2041
2025-12-10T23:00:01Z,2041
2025-12-11T01:00:02Z,2043
2025-12-11T02:00:01Z,2043
2025-12-11T03:00:01Z,2043
2025-12-11T04:00:01Z,2043
2025-12-11T05:00:01Z,2043
2025-12-11T06:00:01Z,2043
2025-12-11T07:00:01Z,2043
2025-12-11T08:00:01Z,2043
2025-12-11T09:00:01Z,2043
2025-12-11T10:00:01Z,2043
2025-12-11T11:00:02Z,2043
2025-12-11T12:00:01Z,2043
2025-12-11T13:00:01Z,2043
2025-12-11T14:00:01Z,2043
2025-12-11T15:00:02Z,2043
2025-12-11T16:00:01Z,2043
2025-12-11T17:00:02Z,2043
2025-12-11T18:00:01Z,2043
2025-12-11T19:00:01Z,2043
2025-12-11T20:00:01Z,2043
2025-12-11T21:00:01Z,2043
2025-12-11T22:00:01Z,2043
2025-12-11T23:00:01Z,2043
2025-12-12T01:00:01Z,2043
2025-12-12T02:00:01Z,2043
2025-12-12T03:00:01Z,2043
2025-12-12T04:00:01Z,2043
2025-12-12T05:00:02Z,2043
2025-12-12T06:00:01Z,2043
2025-12-12T07:00:01Z,2043
2025-12-12T08:00:01Z,2043
2025-12-12T09:00:01Z,2043
2025-12-12T10:00:01Z,2043
2025-12-12T11:00:01Z,2043
2025-12-12T12:00:01Z,2043
2025-12-12T13:00:01Z,2043
2025-12-12T14:00:01Z,2043
2025-12-12T15:00:01Z,2043
2025-12-12T16:00:02Z,2043
2025-12-12T17:00:02Z,2043
2025-12-12T18:00:01Z,2043
2025-12-12T19:00:01Z,2043
2025-12-12T20:00:01Z,2043
2025-12-12T21:00:01Z,2043
2025-12-12T22:00:01Z,2043
2025-12-12T23:00:01Z,2043
2025-12-13T00:00:01Z,2043
2025-12-13T01:00:01Z,2043
2025-12-13T02:00:01Z,2043
2025-12-13T03:00:01Z,2043
2025-12-13T04:00:01Z,2043
2025-12-13T05:00:02Z,2043
2025-12-13T06:00:02Z,2043
2025-12-13T07:00:01Z,2043
2025-12-13T08:00:01Z,2043
2025-12-13T09:00:01Z,2043
2025-12-13T10:00:01Z,2043
2025-12-13T11:00:01Z,2043
2025-12-13T12:00:02Z,2043
2025-12-13T13:00:01Z,2043
2025-12-13T14:00:01Z,2043
2025-12-13T15:00:01Z,2043
2025-12-13T16:00:01Z,2043
2025-12-13T17:00:01Z,2043
2025-12-13T18:00:02Z,2043
2025-12-13T19:00:01Z,2043
2025-12-13T20:00:01Z,2043
2025-12-13T21:00:01Z,2043
2025-12-13T22:00:02Z,2043
2025-12-13T23:00:02Z,2043
2025-12-14T00:00:01Z,2043
2025-12-14T01:00:01Z,2043
2025-12-14T02:00:01Z,2043
2025-12-14T03:00:01Z,2043
2025-12-14T04:00:01Z,2043
2025-12-14T05:00:01Z,2043
2025-12-14T06:00:01Z,2043
2025-12-14T07:00:02Z,2043
2025-12-14T08:00:01Z,2043
2025-12-14T09:00:01Z,2043
2025-12-14T10:00:02Z,2043
2025-12-14T11:00:01Z,2043
2025-12-14T12:00:01Z,2043
2025-12-14T13:00:02Z,2043
2025-12-14T14:00:01Z,2043
2025-12-14T15:00:01Z,2043
2025-12-14T16:00:02Z,2043
2025-12-14T17:00:02Z,2043
2025-12-14T18:00:01Z,2043
2025-12-14T19:00:01Z,2043
2025-12-14T20:00:01Z,2043
2025-12-14T21:00:01Z,2043
2025-12-14T22:00:01Z,2043
2025-12-14T23:00:02Z,2043
2025-12-15T00:00:01Z,2043
2025-12-15T01:00:01Z,2043
2025-12-15T02:00:02Z,2043
2025-12-15T03:00:01Z,2043
2025-12-15T04:00:02Z,2043
2025-12-15T05:00:02Z,2043
2025-12-15T06:00:01Z,2043
2025-12-15T07:00:02Z,2043
2025-12-15T08:00:01Z,2045
2025-12-15T09:00:01Z,2045
2025-12-15T10:00:01Z,2045
2025-12-15T11:00:02Z,2045
2025-12-15T12:00:01Z,2045
2025-12-15T13:00:01Z,2045
2025-12-15T14:00:02Z,2045
2025-12-15T15:00:01Z,2045
2025-12-15T16:00:01Z,2045
2025-12-15T17:00:02Z,2045
2025-12-15T18:00:01Z,2045
2025-12-15T19:00:02Z,2045
2025-12-15T20:00:02Z,2045
2025-12-15T21:00:01Z,2045
2025-12-15T22:00:02Z,2045
2025-12-15T23:00:01Z,2045
2025-12-16T00:00:02Z,2045
2025-12-16T01:00:02Z,2045
2025-12-16T02:00:01Z,2045
2025-12-16T03:00:01Z,2045
2025-12-16T04:00:01Z,2045
2025-12-16T05:00:02Z,2045
2025-12-16T06:00:01Z,2045
2025-12-16T07:00:01Z,2045
2025-12-16T08:00:01Z,2045
2025-12-16T09:00:02Z,2045
2025-12-16T10:00:02Z,2045
2025-12-16T11:00:01Z,2045
2025-12-16T12:00:01Z,2045
2025-12-16T13:00:01Z,2045
2025-12-16T14:00:01Z,2045
2025-12-16T15:00:02Z,2045
2025-12-16T16:00:01Z,2045
2025-12-16T17:00:01Z,2045
2025-12-16T18:00:01Z,2045
2025-12-16T19:00:01Z,2045
2025-12-16T20:00:01Z,2045
2025-12-16T21:00:02Z,2045
2025-12-16T22:00:01Z,2045
2025-12-16T23:00:01Z,2045
2025-12-17T01:00:01Z,2046
2025-12-17T02:00:01Z,2046
2025-12-17T03:00:01Z,2046
2025-12-17T04:00:02Z,2046
2025-12-17T05:00:01Z,2046
2025-12-17T06:00:01Z,2046
2025-12-17T07:00:01Z,2046
2025-12-17T12:00:01Z,2048
2025-12-17T13:00:01Z,2048
2025-12-17T14:00:01Z,2048
2025-12-17T15:00:02Z,2048
2025-12-17T16:00:01Z,2048
2025-12-17T17:00:01Z,2048
2025-12-17T18:00:01Z,2048
2025-12-17T19:00:01Z,2048
2025-12-17T20:00:02Z,2048
2025-12-17T21:00:01Z,2048
2025-12-17T22:00:01Z,2050
2025-12-17T23:00:01Z,2052
2025-12-18T01:00:01Z,2054
2025-12-18T02:00:01Z,2054
2025-12-18T03:00:01Z,2054
2025-12-18T04:00:01Z,2054
2025-12-18T05:00:02Z,2054
2025-12-18T06:00:02Z,2054
2025-12-18T07:00:01Z,2054
2025-12-18T08:00:01Z,2054
2025-12-18T09:00:01Z,2054
2025-12-18T10:00:01Z,2054
2025-12-18T11:00:01Z,2054
2025-12-18T12:00:02Z,2054
2025-12-18T13:00:01Z,2054
2025-12-18T14:00:01Z,2054
2025-12-18T15:00:01Z,2054
2025-12-18T16:00:02Z,2054
2025-12-18T17:00:01Z,2054
2025-12-18T18:00:02Z,2054
2025-12-18T19:00:01Z,2054
2025-12-18T20:00:01Z,2054
2025-12-18T21:00:01Z,2054
2025-12-18T22:00:02Z,2054
2025-12-18T23:00:02Z,2054
2025-12-19T00:00:01Z,2054
2025-12-19T01:00:02Z,2054
2025-12-19T02:00:01Z,2056
2025-12-19T03:00:02Z,2056
2025-12-19T04:00:01Z,2056
2025-12-19T05:00:01Z,2056
2025-12-19T06:00:01Z,2056
2025-12-19T07:00:01Z,2056
2025-12-19T08:00:01Z,2056
2025-12-19T09:00:02Z,2056
2025-12-19T10:00:01Z,2057
2025-12-19T11:00:02Z,2058
2025-12-19T12:00:02Z,2058
2025-12-19T13:00:01Z,2058
2025-12-19T14:00:01Z,2058
2025-12-19T15:00:01Z,2058
2025-12-19T16:00:01Z,2059
2025-12-19T17:00:01Z,2059
2025-12-19T18:00:02Z,2059
2025-12-19T19:00:02Z,2059
2025-12-19T20:00:01Z,2059
2025-12-19T21:00:01Z,2059
2025-12-19T22:00:02Z,2059
2025-12-19T23:00:01Z,2059
2025-12-20T00:00:01Z,2059
2025-12-20T01:00:01Z,2059
2025-12-20T02:00:01Z,2059
2025-12-20T03:00:01Z,2059
2025-12-20T04:00:01Z,2059
2025-12-20T05:00:01Z,2059
2025-12-20T06:00:02Z,2059
2025-12-20T07:00:01Z,2061
2025-12-20T08:00:01Z,2061
2025-12-20T09:00:01Z,2061
2025-12-20T10:00:01Z,2061
2025-12-20T11:00:02Z,2061
2025-12-20T12:00:01Z,2061
2025-12-20T13:00:01Z,2061
2025-12-20T14:00:02Z,2061
2025-12-20T15:00:01Z,2061
2025-12-20T16:00:01Z,2061
2025-12-20T17:00:01Z,2061
2025-12-20T18:00:01Z,2061
2025-12-20T19:00:01Z,2061
2025-12-20T20:00:01Z,2061
2025-12-20T21:00:02Z,2061
2025-12-20T22:00:02Z,2061
2025-12-20T23:00:01Z,2063
2025-12-21T01:00:02Z,2063
2025-12-21T02:00:02Z,2063
2025-12-21T03:00:01Z,2063
2025-12-21T04:00:01Z,2063
2025-12-21T05:00:01Z,2063
2025-12-21T06:00:01Z,2063
2025-12-21T07:00:02Z,2063
2025-12-21T08:00:01Z,2063
2025-12-21T09:00:01Z,2063
2025-12-21T10:00:01Z,2063
2025-12-21T11:00:01Z,2063
2025-12-21T12:00:02Z,2063
2025-12-21T13:00:02Z,2063
2025-12-21T14:00:01Z,2063
2025-12-21T15:00:02Z,2063
2025-12-21T16:00:01Z,2063
2025-12-21T17:00:01Z,2063
2025-12-21T18:00:01Z,2063
2025-12-21T19:00:01Z,2063
2025-12-21T20:00:02Z,2063
2025-12-21T21:00:01Z,2063
2025-12-21T22:00:01Z,2063
2025-12-21T23:00:01Z,2063
2025-12-22T00:00:02Z,2063
2025-12-22T01:00:02Z,2063
2025-12-22T02:00:02Z,2063
2025-12-22T03:00:01Z,2063
2025-12-22T04:00:01Z,2063
2025-12-22T05:00:01Z,2063
2025-12-22T06:00:01Z,2063
2025-12-22T07:00:02Z,2067
2025-12-22T08:00:02Z,2067
2025-12-22T09:00:02Z,2067
2025-12-22T10:00:01Z,2067
2025-12-22T11:00:02Z,2067
2025-12-22T12:00:02Z,2067
2025-12-22T13:00:01Z,2067
2025-12-22T14:00:01Z,2067
2025-12-22T15:00:01Z,2067
2025-12-22T16:00:01Z,2067
2025-12-22T17:00:02Z,2067
2025-12-22T18:00:01Z,2067
2025-12-22T19:00:01Z,2067
2025-12-22T20:00:01Z,2067
2025-12-22T21:00:01Z,2067
2025-12-22T22:00:02Z,2067
2025-12-22T23:00:02Z,2067
2025-12-23T01:00:02Z,2067
2025-12-23T02:00:02Z,2067
2025-12-23T03:00:01Z,2067
2025-12-23T04:00:01Z,2067
2025-12-23T05:00:02Z,2067
2025-12-23T06:00:01Z,2067
2025-12-23T07:00:01Z,2067
2025-12-23T08:00:01Z,2067
2025-12-23T09:00:01Z,2067
2025-12-23T10:00:01Z,2067
2025-12-23T11:00:01Z,2067
2025-12-23T12:00:01Z,2067
2025-12-23T13:00:01Z,2067
2025-12-23T14:00:01Z,2067
2025-12-23T15:00:02Z,2067
2025-12-23T16:00:01Z,2069
2025-12-23T17:00:02Z,2069
2025-12-23T18:00:01Z,2069
2025-12-23T19:00:02Z,2069
2025-12-23T20:00:01Z,2069
2025-12-23T21:00:02Z,2069
2025-12-23T22:00:01Z,2069
2025-12-23T23:00:01Z,2069
2025-12-24T01:00:01Z,2069
2025-12-24T02:00:01Z,2069
2025-12-24T03:00:01Z,2069
2025-12-24T04:00:02Z,2069
2025-12-24T05:00:01Z,2069
2025-12-24T06:00:02Z,2069
2025-12-24T07:00:01Z,2069
2025-12-24T08:00:01Z,2069
2025-12-24T09:00:01Z,2069
2025-12-24T10:00:01Z,2069
2025-12-24T11:00:01Z,2069
2025-12-24T12:00:01Z,2069
2025-12-24T13:00:01Z,2069
2025-12-24T14:00:01Z,2069
2025-12-24T15:00:01Z,2069
2025-12-24T16:00:01Z,2071
2025-12-24T17:00:01Z,2071
2025-12-24T18:00:01Z,2071
2025-12-24T19:00:01Z,2071
2025-12-24T20:00:01Z,2071
2025-12-24T21:00:01Z,2071
2025-12-24T22:00:01Z,2071
2025-12-24T23:00:01Z,2071
2025-12-25T00:00:02Z,2071
2025-12-25T01:00:01Z,2071
2025-12-25T02:00:02Z,2071
2025-12-25T03:00:01Z,2071
2025-12-25T04:00:01Z,2071
2025-12-25T05:00:01Z,2071
2025-12-25T06:00:01Z,2071
2025-12-25T07:00:02Z,2071
2025-12-25T08:00:01Z,2071
2025-12-25T09:00:01Z,2071
2025-12-25T10:00:02Z,2071
2025-12-25T11:00:01Z,2071
2025-12-25T12:00:01Z,2071
2025-12-25T13:00:01Z,2071
2025-12-25T14:00:01Z,2071
2025-12-25T15:00:01Z,2071
2025-12-25T16:00:01Z,2071
2025-12-25T17:00:01Z,2071
2025-12-25T18:00:01Z,2071
2025-12-25T19:00:01Z,2071
2025-12-25T20:00:02Z,2071
2025-12-25T21:00:01Z,2071
2025-12-25T22:00:01Z,2071
2025-12-25T23:00:01Z,2071
2025-12-26T00:00:01Z,2071
2025-12-26T01:00:01Z,2071
2025-12-26T02:00:01Z,2071
2025-12-26T03:00:01Z,2071
2025-12-26T04:00:01Z,2071
2025-12-26T05:00:02Z,2071
2025-12-26T06:00:01Z,2071
2025-12-26T07:00:01Z,2071
2025-12-26T08:00:01Z,2071
2025-12-26T09:00:01Z,2071
2025-12-26T10:00:01Z,2071
2025-12-26T11:00:02Z,2071
2025-12-26T12:00:01Z,2071
2025-12-26T13:00:01Z,2071
2025-12-26T14:00:01Z,2071
2025-12-26T15:00:01Z,2071
2025-12-26T16:00:01Z,2071
2025-12-26T17:00:01Z,2071
2025-12-26T18:00:01Z,2071
2025-12-26T19:00:02Z,2071
2025-12-26T20:00:02Z,2071
2025-12-26T21:00:01Z,2072
2025-12-26T22:00:01Z,2072
2025-12-26T23:00:02Z,2072
2025-12-27T00:00:02Z,2072
2025-12-27T01:00:01Z,2072
2025-12-27T02:00:01Z,2072
2025-12-27T03:00:01Z,2072
2025-12-27T04:00:02Z,2072
2025-12-27T05:00:01Z,2072
2025-12-27T06:00:01Z,2072
2025-12-27T07:00:02Z,2072
2025-12-27T08:00:01Z,2072
2025-12-27T09:00:01Z,2072
2025-12-27T10:00:01Z,2072
2025-12-27T11:00:02Z,2072
2025-12-27T12:00:01Z,2072
2025-12-27T13:00:01Z,2072
2025-12-27T14:00:02Z,2072
2025-12-27T15:00:01Z,2072
2025-12-27T16:00:01Z,2072
2025-12-27T17:00:01Z,2072
2025-12-27T18:00:01Z,2072
2025-12-27T19:00:01Z,2072
2025-12-27T20:00:01Z,2072
2025-12-27T21:00:01Z,2072
2025-12-27T22:00:01Z,2072
2025-12-27T23:00:01Z,2072
2025-12-28T01:00:01Z,2072
2025-12-28T02:00:01Z,2072
2025-12-28T03:00:01Z,2072
2025-12-28T04:00:01Z,2072
2025-12-28T05:00:02Z,2072
2025-12-28T06:00:02Z,2072
2025-12-28T07:00:01Z,2074
2025-12-28T08:00:01Z,2074
2025-12-28T09:00:01Z,2074
2025-12-28T10:00:01Z,2074
2025-12-28T11:00:01Z,2074
2025-12-28T12:00:01Z,2074
2025-12-28T13:00:01Z,2074
2025-12-28T14:00:01Z,2074
2025-12-28T15:00:01Z,2074
2025-12-28T16:00:01Z,2074
2025-12-28T17:00:02Z,2074
2025-12-28T18:00:01Z,2074
2025-12-28T19:00:01Z,2074
2025-12-28T20:00:01Z,2074
2025-12-28T21:00:01Z,2074
2025-12-28T22:00:02Z,2074
2025-12-28T23:00:01Z,2074
2025-12-29T00:00:01Z,2075
2025-12-29T01:00:02Z,2075
2025-12-29T02:00:01Z,2075
2025-12-29T03:00:01Z,2076
2025-12-29T04:00:01Z,2076
2025-12-29T05:00:02Z,2076
2025-12-29T06:00:01Z,2076
2025-12-29T07:00:01Z,2076
2025-12-29T08:00:01Z,2076
2025-12-29T09:00:01Z,2076
2025-12-29T10:00:02Z,2076
2025-12-29T11:00:01Z,2076
2025-12-29T12:00:01Z,2076
2025-12-29T13:00:01Z,2077
2025-12-29T14:00:01Z,2077
2025-12-29T15:00:01Z,2077
2025-12-29T17:00:01Z,2077
2025-12-29T18:00:01Z,2077
2025-12-29T19:00:01Z,2077
2025-12-29T20:00:02Z,2077
2025-12-29T21:00:01Z,2077
2025-12-29T22:00:01Z,2077
2025-12-29T23:00:01Z,2077
2025-12-30T00:00:01Z,2077
2025-12-30T01:00:01Z,2077
2025-12-30T02:00:01Z,2078
2025-12-30T03:00:01Z,2079
2025-12-30T04:00:01Z,2079
2025-12-30T05:00:02Z,2079
2025-12-30T06:00:02Z,2079
2025-12-30T07:00:01Z,2079
2025-12-30T08:00:01Z,2079
2025-12-30T09:00:01Z,2079
2025-12-30T10:00:01Z,2079
2025-12-30T11:00:01Z,2079
2025-12-30T12:00:02Z,2079
2025-12-30T13:00:01Z,2079
2025-12-30T14:00:01Z,2079
2025-12-30T15:00:02Z,2079
2025-12-30T16:00:01Z,2079
2025-12-30T17:00:01Z,2079
2025-12-30T18:00:01Z,2079
2025-12-30T19:00:01Z,2079
2025-12-30T20:00:01Z,2079
2025-12-30T21:00:02Z,2079
2025-12-30T22:00:01Z,2079
2025-12-30T23:00:02Z,2080
2025-12-31T00:00:01Z,2080
2025-12-31T01:00:01Z,2080
2025-12-31T02:00:01Z,2080
2025-12-31T03:00:01Z,2080
2025-12-31T04:00:01Z,2080
2025-12-31T05:00:01Z,2080
2025-12-31T06:00:01Z,2080
2025-12-31T07:00:01Z,2080
2025-12-31T08:00:01Z,2080
2025-12-31T09:00:01Z,2080
2025-12-31T10:00:01Z,2080
2025-12-31T11:00:01Z,2080
2025-12-31T12:00:02Z,2080
2025-12-31T13:00:02Z,2080
2025-12-31T14:00:02Z,2080
2025-12-31T15:00:01Z,2082
2025-12-31T16:00:01Z,2082
2025-12-31T17:00:01Z,2082
2025-12-31T18:00:01Z,2082
2025-12-31T19:00:01Z,2082
2025-12-31T20:00:01Z,2084
2025-12-31T21:00:01Z,2084
2025-12-31T22:00:01Z,2084
2025-12-31T23:00:01Z,2084
2026-01-01T01:00:02Z,2084
2026-01-01T02:00:02Z,2084
2026-01-01T03:00:01Z,2084
2026-01-01T04:00:01Z,2084
2026-01-01T05:00:01Z,2084
2026-01-01T06:00:01Z,2084
2026-01-01T07:00:01Z,2084
2026-01-01T08:00:01Z,2084
2026-01-01T09:00:01Z,2084
2026-01-01T10:00:01Z,2084
2026-01-01T11:00:02Z,2084
2026-01-01T12:00:01Z,2084
2026-01-01T13:00:01Z,2084
2026-01-01T14:00:01Z,2084
2026-01-01T15:00:01Z,2084
2026-01-01T16:00:01Z,2084
2026-01-01T17:00:01Z,2084
2026-01-01T18:00:01Z,2084
2026-01-01T19:00:01Z,2084
2026-01-01T20:00:01Z,2084
2026-01-01T21:00:01Z,2084
2026-01-01T22:00:01Z,2084
2026-01-01T23:00:01Z,2084
2026-01-02T00:00:01Z,2084
2026-01-02T01:00:01Z,2084
2026-01-02T02:00:01Z,2084
2026-01-02T03:00:01Z,2084
2026-01-02T04:00:01Z,2084
2026-01-02T05:00:01Z,2084
2026-01-02T06:00:01Z,2084
2026-01-02T07:00:01Z,2084
2026-01-02T08:00:02Z,2084
2026-01-02T09:00:01Z,2084
2026-01-02T10:00:01Z,2085
2026-01-02T11:00:01Z,2086
2026-01-02T12:00:01Z,2086
2026-01-02T13:00:01Z,2086
2026-01-02T14:00:01Z,2086
2026-01-02T15:00:02Z,2086
2026-01-02T16:00:02Z,2086
2026-01-02T17:00:01Z,2086
2026-01-02T18:00:01Z,2086
2026-01-02T19:00:01Z,2086
2026-01-02T20:00:01Z,2086
2026-01-02T21:00:02Z,2086
2026-01-02T22:00:02Z,2086
2026-01-02T23:00:01Z,2086
2026-01-03T00:00:01Z,2086
2026-01-03T01:00:01Z,2086
2026-01-03T02:00:01Z,2087
2026-01-03T03:00:02Z,2087
2026-01-03T04:00:01Z,2087
2026-01-03T05:00:02Z,2087
2026-01-03T06:00:01Z,2087
2026-01-03T07:00:01Z,2087
2026-01-03T08:00:01Z,2087
2026-01-03T09:00:01Z,2087
2026-01-03T10:00:01Z,2087
2026-01-03T11:00:01Z,2087
2026-01-03T12:00:01Z,2087
2026-01-03T13:00:02Z,2087
2026-01-03T14:00:01Z,2087
2026-01-03T15:00:02Z,2087
2026-01-03T16:00:01Z,2087
2026-01-03T17:00:02Z,2087
2026-01-03T18:00:01Z,2087
2026-01-03T19:00:02Z,2087
2026-01-03T20:00:01Z,2087
2026-01-03T21:00:01Z,2087
2026-01-03T22:00:01Z,2087
2026-01-03T23:00:02Z,2087
2026-01-04T00:00:01Z,2087
2026-01-04T01:00:01Z,2087
2026-01-04T02:00:01Z,2087
2026-01-04T03:00:01Z,2087
2026-01-04T04:00:01Z,2087
2026-01-04T05:00:02Z,2087
2026-01-04T06:00:01Z,2087
2026-01-04T07:00:02Z,2087
2026-01-04T08:00:02Z,2087
2026-01-04T09:00:01Z,2087
2026-01-04T10:00:01Z,2087
2026-01-04T11:00:01Z,2087
2026-01-04T12:00:01Z,2087
2026-01-04T13:00:01Z,2087
2026-01-04T14:00:01Z,2087
2026-01-04T15:00:01Z,2087
2026-01-04T16:00:01Z,2087
2026-01-04T17:00:01Z,2087
2026-01-04T18:00:02Z,2087
2026-01-04T19:00:01Z,2087
2026-01-04T20:00:01Z,2087
2026-01-04T21:00:01Z,2087
2026-01-04T22:00:02Z,2087
2026-01-04T23:00:02Z,2087
2026-01-05T00:00:01Z,2087
2026-01-05T01:00:01Z,2087
2026-01-05T02:00:01Z,2087
2026-01-05T03:00:02Z,2087
2026-01-05T04:00:01Z,2087
2026-01-05T05:00:02Z,2087
2026-01-05T06:00:02Z,2087
2026-01-05T07:00:01Z,2087
2026-01-05T08:00:01Z,2087
2026-01-05T09:00:02Z,2087
2026-01-05T10:00:01Z,2087
2026-01-05T11:00:01Z,2087
2026-01-05T12:00:01Z,2087
2026-01-05T13:00:01Z,2087
2026-01-05T14:00:01Z,2087
2026-01-05T15:00:01Z,2087
2026-01-05T16:00:01Z,2087
2026-01-05T17:00:01Z,2088
2026-01-05T18:00:02Z,2088
2026-01-05T19:00:01Z,2088
2026-01-05T20:00:01Z,2088
2026-01-05T21:00:01Z,2088
2026-01-05T22:00:01Z,2088
2026-01-05T23:00:02Z,2088
2026-01-06T00:00:01Z,2088
2026-01-06T01:00:01Z,2088
2026-01-06T02:00:01Z,2088
2026-01-06T03:00:01Z,2088
2026-01-06T04:00:01Z,2088
2026-01-06T05:00:01Z,2088
2026-01-06T07:00:01Z,2088
2026-01-06T08:00:02Z,2088
2026-01-06T09:00:02Z,2088
2026-01-06T10:00:02Z,2088
2026-01-06T11:00:02Z,2088
2026-01-06T12:00:01Z,2088
2026-01-06T15:00:01Z,2088
2026-01-06T16:00:01Z,2088
2026-01-06T17:00:01Z,2088
2026-01-06T18:00:01Z,2088
2026-01-06T19:00:01Z,2088
2026-01-06T20:00:01Z,2088
2026-01-06T21:00:01Z,2088
2026-01-06T22:00:01Z,2088
2026-01-06T23:00:01Z,2088
2026-01-07T01:00:02Z,2088
2026-01-07T02:00:02Z,2088
2026-01-07T03:00:01Z,2088
2026-01-07T04:00:01Z,2088
2026-01-07T05:00:01Z,2089
2026-01-07T06:00:01Z,2089
2026-01-07T07:00:01Z,2089
2026-01-07T08:00:01Z,2089
2026-01-07T09:00:02Z,2089
2026-01-07T10:00:02Z,2089
2026-01-07T11:00:01Z,2089
2026-01-07T12:00:01Z,2089
2026-01-07T13:00:01Z,2089
2026-01-07T14:00:02Z,2089
2026-01-07T15:00:01Z,2089
2026-01-07T16:00:01Z,2089
2026-01-07T17:00:01Z,2089
2026-01-07T18:00:01Z,2089
2026-01-07T19:00:01Z,2089
2026-01-07T20:00:01Z,2089
2026-01-07T21:00:02Z,2089
2026-01-07T22:00:01Z,2089
2026-01-07T23:00:02Z,2089
2026-01-08T00:00:01Z,2089
2026-01-08T01:00:01Z,2089
2026-01-08T02:00:02Z,2089
2026-01-08T03:00:01Z,2089
2026-01-08T04:00:01Z,2089
2026-01-08T05:00:01Z,2091
2026-01-08T06:00:01Z,2091
2026-01-08T07:00:01Z,2091
2026-01-08T08:00:01Z,2091
2026-01-08T09:00:01Z,2091
2026-01-08T10:00:02Z,2091
2026-01-08T11:00:02Z,2091
2026-01-08T12:00:02Z,2091
2026-01-08T13:00:01Z,2091
2026-01-08T14:00:01Z,2091
2026-01-08T15:00:02Z,2091
2026-01-08T16:00:01Z,2091
2026-01-08T17:00:01Z,2091
2026-01-08T18:00:01Z,2091
2026-01-08T19:00:01Z,2091
2026-01-08T20:00:02Z,2091
2026-01-08T21:00:01Z,2091
2026-01-08T22:00:01Z,2091
2026-01-08T23:00:02Z,2091
2026-01-09T00:00:01Z,2091
2026-01-09T01:00:02Z,2091
2026-01-09T02:00:01Z,2091
2026-01-09T03:00:01Z,2091
2026-01-09T04:00:01Z,2091
2026-01-09T05:00:02Z,2091
2026-01-09T06:00:01Z,2091
2026-01-09T07:00:01Z,2091
2026-01-09T08:00:01Z,2091
2026-01-09T09:00:01Z,2091
2026-01-09T10:00:01Z,2091
2026-01-09T11:00:02Z,2091
2026-01-09T12:00:01Z,2091
2026-01-09T13:00:01Z,2091
2026-01-09T14:00:01Z,2091
2026-01-09T15:00:01Z,2091
2026-01-09T16:00:01Z,2091
2026-01-09T17:00:01Z,2091
2026-01-09T18:00:02Z,2091
2026-01-09T19:00:41Z,2091
2026-01-09T20:00:02Z,2091
2026-01-09T21:00:02Z,2091
2026-01-09T22:00:02Z,2091
2026-01-09T23:00:01Z,2091
2026-01-10T00:00:01Z,2091
2026-01-10T01:00:01Z,2091
2026-01-10T02:00:01Z,2091
2026-01-10T03:00:01Z,2091
2026-01-10T04:00:01Z,2091
2026-01-10T05:00:01Z,2091
2026-01-10T06:00:01Z,2091
2026-01-10T07:00:02Z,2091
2026-01-10T08:00:01Z,2091
2026-01-10T09:00:01Z,2091
2026-01-10T10:00:01Z,2091
2026-01-10T11:00:01Z,2091
2026-01-10T12:00:01Z,2091
2026-01-10T13:00:01Z,2091
2026-01-10T14:00:01Z,2091
2026-01-10T15:00:01Z,2091
2026-01-10T16:00:01Z,2091
2026-01-10T17:00:02Z,2091
2026-01-10T18:00:02Z,2091
2026-01-10T19:00:02Z,2091
2026-01-10T20:00:01Z,2091
2026-01-10T21:00:01Z,2091
2026-01-10T22:00:01Z,2091
2026-01-10T23:00:02Z,2091
2026-01-11T00:00:01Z,2091
2026-01-11T01:00:02Z,2091
2026-01-11T02:00:01Z,2091
2026-01-11T03:00:01Z,2091
2026-01-11T04:00:02Z,2091
2026-01-11T05:00:01Z,2091
2026-01-11T06:00:02Z,2093
2026-01-11T07:00:02Z,2093
2026-01-11T08:00:02Z,2093
2026-01-11T09:00:02Z,2093
2026-01-11T10:00:01Z,2093
2026-01-11T11:00:01Z,2093
2026-01-11T12:00:02Z,2093
2026-01-11T13:00:02Z,2093
2026-01-11T14:00:01Z,2093
2026-01-11T15:00:02Z,2093
2026-01-11T16:00:02Z,2093
2026-01-11T17:00:01Z,2093
2026-01-11T18:00:02Z,2093
2026-01-11T19:00:01Z,2093
2026-01-11T20:00:01Z,2093
2026-01-11T21:00:02Z,2093
2026-01-11T22:00:01Z,2093
2026-01-11T23:00:02Z,2093
2026-01-12T00:00:01Z,2093
2026-01-12T01:00:01Z,2093
2026-01-12T02:00:02Z,2093
2026-01-12T03:00:01Z,2093
2026-01-12T04:00:02Z,2093
2026-01-12T05:00:01Z,2095
2026-01-12T06:00:01Z,2095
2026-01-12T07:00:02Z,2095
2026-01-12T08:00:01Z,2095
2026-01-12T09:00:01Z,2095
2026-01-12T10:00:01Z,2095
2026-01-12T11:00:01Z,2095
2026-01-12T12:00:01Z,2095
2026-01-12T13:00:02Z,2095
2026-01-12T14:00:01Z,2095
2026-01-12T15:00:01Z,2095
2026-01-12T16:00:01Z,2095
2026-01-12T17:00:01Z,2095
2026-01-12T18:00:01Z,2095
2026-01-12T19:00:01Z,2095
2026-01-12T20:00:01Z,2095
2026-01-12T21:00:01Z,2095
2026-01-12T22:00:01Z,2095
2026-01-12T23:00:01Z,2095
2026-01-13T02:00:02Z,2095
2026-01-13T16:00:02Z,2095
2026-01-13T17:00:01Z,2095
2026-01-13T18:00:02Z,2095
2026-01-13T19:00:01Z,2095
2026-01-13T20:00:01Z,2095
2026-01-13T21:00:01Z,2095
2026-01-13T22:00:01Z,2095
2026-01-13T23:00:01Z,2095
2026-01-14T00:00:01Z,2095
2026-01-14T01:00:02Z,2095
2026-01-14T02:00:01Z,2095
2026-01-14T03:00:01Z,2095
2026-01-14T04:00:01Z,2095
2026-01-14T05:00:01Z,2095
2026-01-14T06:00:01Z,2095
2026-01-14T07:00:01Z,2095
2026-01-14T08:00:01Z,2095
2026-01-14T09:00:01Z,2095
2026-01-14T10:00:01Z,2095
2026-01-14T11:00:01Z,2095
2026-01-14T12:00:01Z,2095
2026-01-14T13:00:01Z,2095
2026-01-14T14:00:02Z,2095
2026-01-14T15:00:02Z,2097
2026-01-14T16:00:01Z,2097
2026-01-14T17:00:01Z,2099
2026-01-14T18:00:01Z,2099
2026-01-14T19:00:01Z,2099
2026-01-14T20:00:01Z,2099
2026-01-14T21:00:01Z,2099
2026-01-14T22:00:02Z,2099
2026-01-14T23:00:01Z,2099
2026-01-15T00:00:01Z,2099
2026-01-15T01:00:01Z,2099
2026-01-15T02:00:01Z,2099
2026-01-15T03:00:01Z,2099
2026-01-15T04:00:01Z,2099
2026-01-15T05:00:02Z,2099
2026-01-15T06:00:01Z,2099
2026-01-15T07:00:02Z,2099
2026-01-15T08:00:01Z,2099
2026-01-15T09:00:01Z,2099
2026-01-15T10:00:01Z,2099
2026-01-15T11:00:02Z,2099
2026-01-15T12:00:01Z,2099
2026-01-15T13:00:01Z,2099
2026-01-15T14:00:01Z,2099
2026-01-15T15:00:01Z,2099
2026-01-15T16:00:02Z,2099
2026-01-15T17:00:01Z,2099
2026-01-15T18:00:01Z,2099
2026-01-15T19:00:01Z,2099
2026-01-15T20:00:03Z,2099
2026-01-15T21:00:02Z,2099
2026-01-15T22:00:01Z,2099
2026-01-15T23:00:02Z,2099
2026-01-16T00:00:02Z,2099
2026-01-16T01:00:01Z,2099
2026-01-16T02:00:01Z,2099
2026-01-16T03:00:01Z,2099
2026-01-16T04:00:01Z,2099
2026-01-16T05:00:01Z,2099
2026-01-16T06:00:02Z,2099
2026-01-16T07:00:01Z,2099
2026-01-16T08:00:02Z,2099
2026-01-16T09:00:02Z,2099
2026-01-16T10:00:01Z,2099
2026-01-16T11:00:01Z,2099
2026-01-16T12:00:01Z,2099
2026-01-16T13:00:01Z,2099
2026-01-16T14:00:01Z,2099
2026-01-16T15:00:02Z,2099
2026-01-16T16:00:02Z,2099
2026-01-16T17:00:01Z,2099
2026-01-16T18:00:01Z,2099
2026-01-16T19:00:01Z,2099
2026-01-16T20:00:01Z,2099
2026-01-16T21:00:02Z,2099
2026-01-16T22:00:02Z,2099
2026-01-16T23:00:02Z,2099
2026-01-17T00:00:02Z,2099
2026-01-17T01:00:02Z,2099
2026-01-17T02:00:01Z,2099
2026-01-17T03:00:02Z,2099
2026-01-17T04:00:01Z,2099
2026-01-17T05:00:02Z,2101
2026-01-17T06:00:01Z,2101
2026-01-17T07:00:02Z,2101
2026-01-17T08:00:01Z,2101
2026-01-17T09:00:01Z,2101
2026-01-17T10:00:01Z,2101
2026-01-17T11:00:01Z,2101
2026-01-17T12:00:01Z,2101
2026-01-17T13:00:01Z,2101
2026-01-17T14:00:01Z,2101
2026-01-17T15:00:02Z,2101
2026-01-17T16:00:02Z,2101
2026-01-17T17:00:01Z,2101
2026-01-17T18:00:01Z,2101
2026-01-17T19:00:01Z,2101
2026-01-17T20:00:01Z,2101
2026-01-17T21:00:01Z,2101
2026-01-17T22:00:01Z,2101
2026-01-17T23:00:02Z,2101
2026-01-18T00:00:02Z,2101
2026-01-18T01:00:01Z,2101
2026-01-18T02:00:02Z,2101
2026-01-18T03:00:02Z,2101
2026-01-18T04:00:02Z,2101
2026-01-18T05:00:01Z,2101
2026-01-18T06:00:01Z,2101
2026-01-18T07:00:01Z,2101
2026-01-18T08:00:01Z,2101
2026-01-18T09:00:01Z,2101
2026-01-18T10:00:01Z,2101
2026-01-18T11:00:01Z,2101
2026-01-18T12:00:02Z,2101
2026-01-18T13:00:01Z,2101
2026-01-18T14:00:01Z,2101
2026-01-18T15:00:01Z,2101
2026-01-18T16:00:01Z,2101
2026-01-18T17:00:01Z,2101
2026-01-18T18:00:02Z,2101
2026-01-18T19:00:01Z,2101
2026-01-18T20:00:01Z,2101
2026-01-18T21:00:01Z,2101
2026-01-18T22:00:01Z,2101
2026-01-18T23:00:01Z,2101
2026-01-19T00:00:02Z,2101
2026-01-19T01:00:01Z,2101
2026-01-19T02:00:01Z,2101
2026-01-19T03:00:02Z,2101
2026-01-19T04:00:01Z,2101
2026-01-19T05:00:01Z,2101
2026-01-19T06:00:02Z,2101
2026-01-19T07:00:02Z,2101
2026-01-19T08:00:01Z,2101
2026-01-19T09:00:01Z,2101
2026-01-19T10:00:01Z,2101
2026-01-19T11:00:02Z,2101
2026-01-19T12:00:01Z,2101
2026-01-19T13:00:01Z,2101
2026-01-19T14:00:01Z,2101
2026-01-19T15:00:01Z,2101
2026-01-19T16:00:01Z,2101
2026-01-19T17:00:01Z,2101
2026-01-19T18:00:02Z,2101
2026-01-19T19:00:01Z,2101
2026-01-19T20:00:01Z,2101
2026-01-19T21:00:01Z,2101
2026-01-19T22:00:01Z,2101
2026-01-19T23:00:01Z,2101
2026-01-20T01:00:01Z,2101
2026-01-20T02:00:02Z,2101
2026-01-20T03:00:02Z,2101
2026-01-20T04:00:01Z,2101
2026-01-20T05:00:01Z,2107
2026-01-20T06:00:02Z,2107
2026-01-20T07:00:02Z,2107
2026-01-20T08:00:02Z,2107
2026-01-20T09:00:02Z,2107
2026-01-20T10:00:01Z,2107
2026-01-20T11:00:02Z,2107
2026-01-20T12:00:02Z,2107
2026-01-20T13:00:02Z,2107
2026-01-20T14:00:01Z,2107
2026-01-20T15:00:01Z,2107
2026-01-20T16:00:01Z,2107
2026-01-20T17:00:01Z,2107
2026-01-20T18:00:01Z,2107
2026-01-20T19:00:01Z,2107
2026-01-21T01:00:02Z,2107
2026-01-21T02:00:02Z,2107
2026-01-21T03:00:01Z,2107
2026-01-21T04:00:02Z,2107
2026-01-21T05:00:02Z,2107
2026-01-21T06:00:02Z,2107
2026-01-21T07:00:02Z,2107
2026-01-21T08:00:02Z,2107
2026-01-21T09:00:01Z,2107
2026-01-21T10:00:01Z,2107
2026-01-21T11:00:01Z,2107
2026-01-21T12:00:02Z,2107
2026-01-21T13:00:01Z,2107
2026-01-21T14:00:02Z,2107
2026-01-21T15:00:02Z,2107
2026-01-21T16:00:02Z,2107
2026-01-21T17:00:02Z,2107
2026-01-21T18:00:02Z,2107
2026-01-21T19:00:01Z,2107
2026-01-21T20:00:01Z,2107
2026-01-21T21:00:02Z,2107
2026-01-21T22:00:01Z,2109
2026-01-22T00:00:01Z,2109
2026-01-22T02:00:01Z,2109
2026-01-22T04:00:02Z,2109
2026-01-22T05:00:01Z,2109
2026-01-22T06:00:02Z,2109
2026-01-22T07:00:01Z,2109
2026-01-22T08:00:01Z,2109
2026-01-22T09:00:01Z,2109
2026-01-22T10:00:02Z,2109
2026-01-22T11:00:02Z,2109
2026-01-22T12:00:02Z,2109
2026-01-22T13:00:02Z,2109
2026-01-22T14:00:02Z,2109
2026-01-22T16:00:01Z,2110
2026-01-22T17:00:02Z,2110
2026-01-22T18:00:01Z,2110
2026-01-22T19:00:01Z,2110
2026-01-22T20:00:01Z,2110
2026-01-22T21:00:01Z,2110
2026-01-22T22:00:03Z,2110
2026-01-22T23:00:01Z,2110
2026-01-23T00:00:01Z,2110
2026-01-23T01:00:02Z,2110
2026-01-23T02:00:01Z,2110
2026-01-23T03:00:01Z,2110
2026-01-23T04:00:01Z,2110
2026-01-23T05:00:01Z,2110
2026-01-23T06:00:01Z,2110
2026-01-23T07:00:01Z,2110
2026-01-23T08:00:01Z,2110
2026-01-23T09:00:01Z,2110
2026-01-23T10:00:01Z,2110
2026-01-23T11:00:01Z,2110
2026-01-23T12:00:01Z,2110
2026-01-23T13:00:01Z,2110
2026-01-23T14:00:01Z,2111
2026-01-23T15:00:02Z,2111
2026-01-23T16:00:01Z,2111
2026-01-23T17:00:01Z,2111
2026-01-23T18:00:02Z,2111
2026-01-23T19:00:01Z,2111
2026-01-23T20:00:02Z,2111
2026-01-23T21:00:01Z,2111
2026-01-23T22:00:01Z,2111
2026-01-23T23:00:01Z,2111
2026-01-24T00:00:02Z,2111
2026-01-24T01:00:01Z,2111
2026-01-24T02:00:01Z,2111
2026-01-24T03:00:01Z,2111
2026-01-24T04:00:01Z,2111
2026-01-24T05:00:01Z,2111
2026-01-24T06:00:01Z,2111
2026-01-24T07:00:02Z,2111
2026-01-24T08:00:01Z,2112
2026-01-24T09:00:01Z,2115
2026-01-24T10:00:01Z,2115
2026-01-24T11:00:01Z,2115
2026-01-24T12:00:02Z,2115
2026-01-24T13:00:01Z,2115
2026-01-24T14:00:01Z,2115
2026-01-24T15:00:01Z,2115
2026-01-24T17:00:01Z,2115
2026-01-24T18:00:01Z,2115
2026-01-24T19:00:01Z,2115
2026-01-24T21:00:01Z,2115
2026-01-24T22:00:01Z,2115
2026-01-24T23:00:01Z,2115
2026-01-25T00:00:01Z,2115
2026-01-25T01:00:01Z,2115
2026-01-25T02:00:01Z,2115
2026-01-25T03:00:01Z,2115
2026-01-25T04:00:01Z,2115
2026-01-25T05:00:02Z,2115
2026-01-25T06:00:01Z,2115
2026-01-25T07:00:01Z,2115
2026-01-25T08:00:01Z,2115
2026-01-25T09:00:01Z,2115
2026-01-25T10:00:02Z,2115
2026-01-25T11:00:01Z,2115
2026-01-25T12:00:01Z,2115
2026-01-25T13:00:01Z,2115
2026-01-25T14:00:01Z,2117
2026-01-25T15:00:01Z,2117
2026-01-25T16:00:02Z,2117
2026-01-25T17:00:01Z,2117
2026-01-25T18:00:02Z,2117
2026-01-25T19:00:01Z,2117
2026-01-25T20:00:01Z,2117
2026-01-25T21:00:01Z,2117
2026-01-25T22:00:01Z,2117
2026-01-25T23:00:02Z,2117
2026-01-26T00:00:01Z,2117
2026-01-26T01:00:01Z,2117
2026-01-26T02:00:02Z,2117
2026-01-26T03:00:01Z,2117
2026-01-26T04:00:01Z,2117
2026-01-26T05:00:01Z,2117
2026-01-26T06:00:01Z,2117
2026-01-26T07:00:01Z,2117
2026-01-26T08:00:01Z,2117
2026-01-26T09:00:01Z,2117
2026-01-26T10:00:01Z,2117
2026-01-26T11:00:01Z,2117
2026-01-26T12:00:01Z,2117
2026-01-26T13:00:01Z,2117
2026-01-26T14:00:01Z,2119
2026-01-26T15:00:01Z,2119
2026-01-26T17:00:02Z,2121
2026-01-26T18:00:02Z,2121
2026-01-26T19:00:01Z,2122
2026-01-26T20:00:02Z,2122
2026-01-26T21:00:01Z,2122
2026-01-26T22:00:01Z,2122
2026-01-26T23:00:01Z,2122
2026-01-27T00:00:01Z,2122
2026-01-27T01:00:01Z,2122
2026-01-27T02:00:02Z,2122
2026-01-27T03:00:01Z,2122
2026-01-27T04:00:01Z,2122
2026-01-27T05:00:01Z,2122
2026-01-27T06:00:01Z,2122
2026-01-27T07:00:01Z,2122
2026-01-27T08:00:01Z,2122
2026-01-27T09:00:01Z,2122
2026-01-27T10:00:01Z,2122
2026-01-27T11:00:01Z,2122
2026-01-27T12:00:01Z,2122
2026-01-27T13:00:01Z,2122
2026-01-27T14:00:02Z,2122
2026-01-27T15:00:02Z,2122
2026-01-27T16:00:01Z,2122
2026-01-27T17:00:01Z,2122
2026-01-27T18:00:01Z,2122
2026-01-27T19:00:01Z,2122
2026-01-27T20:00:01Z,2122
2026-01-27T21:00:01Z,2122
2026-01-27T22:00:01Z,2122
2026-01-27T23:00:01Z,2123
2026-01-28T00:00:01Z,2124
2026-01-28T02:00:02Z,2125
2026-01-28T03:00:01Z,2125
2026-01-28T04:00:01Z,2125
2026-01-28T05:00:02Z,2125
2026-01-28T06:00:01Z,2125
2026-01-28T07:00:01Z,2125
2026-01-28T08:00:01Z,2125
2026-01-28T09:00:01Z,2125
2026-01-28T10:00:01Z,2125
2026-01-28T11:00:01Z,2125
2026-01-28T12:00:01Z,2125
2026-01-28T13:00:01Z,2125
2026-01-28T14:00:01Z,2125
2026-01-28T15:00:01Z,2125
2026-01-28T16:00:01Z,2125
2026-01-28T17:00:01Z,2125
2026-01-28T18:00:01Z,2125
2026-01-28T19:00:01Z,2125
2026-01-28T20:00:01Z,2125
2026-01-28T21:00:01Z,2129
2026-01-28T22:00:01Z,2129
2026-01-28T23:00:01Z,2129
2026-01-29T00:00:01Z,2129
2026-01-29T02:00:01Z,2129
2026-01-29T04:00:01Z,2129
2026-01-29T05:00:01Z,2129
2026-01-29T06:00:02Z,2129
2026-01-29T07:00:01Z,2129
2026-01-29T08:00:01Z,2129
2026-01-29T09:00:01Z,2129
2026-01-29T10:00:01Z,2129
2026-01-29T11:00:01Z,2129
2026-01-29T12:00:01Z,2129
2026-01-29T13:00:01Z,2129
2026-01-29T14:00:02Z,2129
2026-01-29T15:00:01Z,2129
2026-01-29T16:00:01Z,2131
2026-01-29T17:00:01Z,2131
2026-01-29T18:00:01Z,2131
2026-01-29T19:00:01Z,2131
2026-01-29T20:00:01Z,2131
2026-01-29T21:00:01Z,2131
2026-01-29T23:00:02Z,2150
2026-01-30T01:00:02Z,2152
2026-01-30T02:00:01Z,2155
2026-01-30T03:00:01Z,2155
2026-01-30T04:00:02Z,2155
2026-01-30T05:00:02Z,2157
2026-01-30T06:00:01Z,2157
2026-01-30T07:00:01Z,2157
2026-01-30T08:00:02Z,2157
2026-01-30T09:00:01Z,2157
2026-01-30T10:00:01Z,2157
2026-01-30T11:00:01Z,2157
2026-01-30T12:00:01Z,2157
2026-01-30T13:00:01Z,2157
2026-01-30T14:00:02Z,2157
2026-01-30T15:00:02Z,2157
2026-01-30T16:00:01Z,2157
2026-01-30T17:00:01Z,2157
2026-01-30T19:00:02Z,2157
2026-01-30T20:00:02Z,2157
2026-01-30T21:00:02Z,2157
2026-01-30T23:00:01Z,2159
2026-01-31T00:00:02Z,2159
2026-01-31T01:00:01Z,2159
2026-01-31T02:00:01Z,2161
2026-01-31T03:00:01Z,2161
2026-01-31T04:00:02Z,2161
2026-01-31T05:00:01Z,2161
2026-01-31T06:00:01Z,2161
2026-01-31T07:00:01Z,2161
2026-01-31T08:00:01Z,2161
2026-01-31T09:00:01Z,2164
2026-01-31T10:00:01Z,2164
2026-01-31T11:00:01Z,2164
2026-01-31T12:00:01Z,2164
2026-01-31T13:00:01Z,2164
2026-01-31T14:00:02Z,2164
2026-01-31T15:00:01Z,2164
2026-01-31T16:00:01Z,2164
2026-01-31T18:00:01Z,2164
2026-01-31T19:00:01Z,2164
2026-01-31T20:00:01Z,2164
2026-01-31T21:00:02Z,2164
2026-01-31T22:00:01Z,2164
2026-01-31T23:00:02Z,2164
2026-02-01T00:00:01Z,2164
2026-02-01T01:00:01Z,2164
2026-02-01T02:00:01Z,2164
2026-02-01T03:00:01Z,2164
2026-02-01T04:00:01Z,2164
2026-02-01T05:00:02Z,2164
2026-02-01T06:00:01Z,2164
2026-02-01T07:00:01Z,2164
2026-02-01T08:00:02Z,2164
2026-02-01T09:00:01Z,2164
2026-02-01T10:00:01Z,2165
2026-02-01T11:00:01Z,2165
2026-02-01T12:00:01Z,2165
2026-02-01T13:00:01Z,2165
2026-02-01T14:00:01Z,2165
2026-02-01T15:00:02Z,2165
2026-02-01T16:00:01Z,2165
2026-02-01T18:00:01Z,2165
2026-02-01T19:00:02Z,2165
2026-02-01T20:00:01Z,2165
2026-02-01T21:00:01Z,2165
2026-02-01T22:00:01Z,2165
2026-02-01T23:00:01Z,2165
2026-02-02T01:00:01Z,2165
2026-02-02T02:00:01Z,2165
2026-02-02T03:00:02Z,2165
2026-02-02T04:00:01Z,2165
2026-02-02T05:00:01Z,2165
2026-02-02T06:00:01Z,2165
2026-02-02T07:00:02Z,2165
2026-02-02T08:00:01Z,2165
2026-02-02T09:00:01Z,2165
2026-02-02T10:00:01Z,2165
2026-02-02T11:00:01Z,2165
2026-02-02T12:00:01Z,2165
2026-02-02T13:00:02Z,2165
2026-02-02T14:00:01Z,2165
2026-02-02T15:00:01Z,2165
2026-02-02T16:00:01Z,2165
2026-02-02T17:00:02Z,2165
2026-02-02T18:00:01Z,2165
2026-02-02T19:00:01Z,2165
2026-02-02T20:00:01Z,2165
2026-02-02T21:00:01Z,2165
2026-02-02T22:00:01Z,2165
2026-02-02T23:00:02Z,2165
2026-02-03T00:00:02Z,2165
2026-02-03T02:00:01Z,2165
2026-02-03T04:00:02Z,2165
2026-02-03T05:00:02Z,2165
2026-02-03T06:00:02Z,2165
2026-02-03T07:00:01Z,2165
2026-02-03T08:00:02Z,2165
2026-02-03T09:00:02Z,2165
2026-02-03T10:00:02Z,2165
2026-02-03T11:00:02Z,2166
2026-02-03T12:00:02Z,2166
2026-02-03T13:00:02Z,2166
2026-02-03T14:00:02Z,2166
2026-02-03T16:00:02Z,2166
2026-02-03T17:00:01Z,2166
2026-02-03T18:00:02Z,2166
2026-02-03T19:00:01Z,2166
2026-02-03T20:00:01Z,2166
2026-02-03T21:00:02Z,2166
2026-02-03T22:00:01Z,2166
2026-02-03T23:00:01Z,2166
2026-02-04T00:00:01Z,2166
2026-02-04T01:00:02Z,2166
2026-02-04T02:00:01Z,2166
2026-02-04T03:00:01Z,2166
2026-02-04T04:00:01Z,2166
2026-02-04T05:00:02Z,2166
2026-02-04T06:00:01Z,2166
2026-02-04T07:00:01Z,2166
2026-02-04T08:00:01Z,2166
2026-02-04T09:00:01Z,2166
2026-02-04T10:00:02Z,2166
2026-02-04T11:00:02Z,2166
2026-02-04T12:00:02Z,2166
2026-02-04T13:00:02Z,2166
2026-02-04T14:00:02Z,2168
2026-02-04T15:00:01Z,2168
2026-02-04T16:00:02Z,2168
2026-02-04T17:00:01Z,2168
2026-02-05T15:00:02Z,2169
2026-02-05T22:00:01Z,2172
2026-02-05T23:00:01Z,2172
2026-02-06T00:00:01Z,2172
2026-02-06T01:00:01Z,2172
2026-02-06T02:00:01Z,2172
2026-02-06T03:00:01Z,2172
2026-02-06T04:00:02Z,2172
2026-02-06T05:00:01Z,2172
2026-02-06T06:00:01Z,2172
2026-02-06T07:00:01Z,2172
2026-02-06T18:00:01Z,2172
2026-02-06T19:00:01Z,2173
2026-02-06T20:00:01Z,2173
2026-02-06T21:00:01Z,2173
2026-02-06T22:00:01Z,2173
2026-02-06T23:00:01Z,2173
2026-02-07T01:00:01Z,2173
2026-02-07T02:00:01Z,2173
2026-02-07T03:00:01Z,2173
2026-02-07T04:00:02Z,2173
2026-02-07T05:00:02Z,2173
2026-02-09T02:00:01Z,2175
2026-02-09T19:00:02Z,2179
2026-02-09T23:00:01Z,2179
2026-02-10T04:00:02Z,2179
2026-02-11T02:00:01Z,2182
2026-02-12T04:00:01Z,2182
2026-02-12T05:00:02Z,2182
2026-02-12T06:00:01Z,2182
2026-02-12T07:00:01Z,2182
2026-02-12T08:00:02Z,2182
2026-02-12T09:00:01Z,2182
2026-02-12T10:00:02Z,2182
2026-02-12T11:00:01Z,2182
2026-02-12T12:00:01Z,2182
2026-02-12T13:00:01Z,2182
2026-02-12T14:00:01Z,2182
2026-02-12T15:00:02Z,2182
2026-02-12T16:00:02Z,2182
2026-02-12T17:00:01Z,2182
2026-02-12T18:00:01Z,2182
2026-02-12T19:00:01Z,2182
2026-02-12T20:00:02Z,2182
2026-02-12T22:00:02Z,2182
2026-02-13T00:00:01Z,2182
2026-02-13T01:00:01Z,2182
2026-02-13T02:00:01Z,2182
2026-02-13T03:00:01Z,2182
2026-02-13T04:00:01Z,2182
2026-02-13T05:00:01Z,2182
2026-02-13T06:00:01Z,2182
2026-02-13T07:00:01Z,2182
2026-02-13T08:00:02Z,2182
2026-02-13T09:00:01Z,2182
2026-02-13T10:00:02Z,2182
2026-02-13T11:00:01Z,2182
2026-02-13T12:00:01Z,2182
2026-02-13T13:00:01Z,2182
2026-02-13T14:00:01Z,2182
2026-02-13T15:00:01Z,2182
2026-02-13T16:00:02Z,2182
2026-02-13T17:00:01Z,2182
2026-02-13T18:00:02Z,2182
2026-02-13T19:00:01Z,2182
2026-02-13T20:00:01Z,2182
2026-02-13T21:00:02Z,2182
2026-02-13T22:00:01Z,2182
2026-02-13T23:00:01Z,2182
2026-02-14T01:00:02Z,2182
2026-02-14T02:00:01Z,2182
2026-02-14T03:00:01Z,2182
2026-02-14T04:00:01Z,2182
2026-02-14T05:00:01Z,2182
2026-02-14T06:00:01Z,2183
2026-02-14T07:00:02Z,2187
2026-02-14T08:00:01Z,2187
2026-02-14T09:00:01Z,2187
2026-02-14T10:00:01Z,2187
2026-02-14T11:00:02Z,2187
2026-02-14T12:00:01Z,2187
2026-02-14T13:00:01Z,2187
2026-02-14T14:00:01Z,2187
2026-02-14T15:00:01Z,2187
2026-02-14T16:00:01Z,2187
2026-02-14T17:00:02Z,2187
2026-02-14T18:00:01Z,2187
2026-02-14T19:00:01Z,2187
2026-02-14T20:00:01Z,2187
2026-02-14T21:00:01Z,2187
2026-02-14T22:00:01Z,2189
2026-02-14T23:00:01Z,2189
2026-02-15T00:00:02Z,2189
2026-02-15T01:00:02Z,2189
2026-02-15T02:00:01Z,2189
2026-02-15T03:00:01Z,2189
2026-02-15T04:00:01Z,2189
2026-02-15T05:00:01Z,2189
2026-02-15T06:00:01Z,2189
2026-02-15T07:00:02Z,2189
2026-02-15T08:00:01Z,2189
2026-02-15T09:00:01Z,2189
2026-02-15T10:00:01Z,2189
2026-02-15T11:00:02Z,2189
2026-02-15T12:00:01Z,2189
2026-02-15T13:00:01Z,2189
2026-02-15T14:00:01Z,2189
2026-02-15T15:00:02Z,2189
2026-02-15T16:00:01Z,2189
2026-02-15T17:00:01Z,2189
2026-02-15T18:00:02Z,2189
2026-02-15T19:00:02Z,2189
2026-02-15T20:00:01Z,2189
2026-02-15T21:00:01Z,2189
2026-02-15T22:00:01Z,2189
2026-02-15T23:00:01Z,2189
2026-02-16T00:00:02Z,2189
2026-02-16T01:00:02Z,2189
2026-02-16T02:00:01Z,2191
2026-02-16T03:00:01Z,2191
2026-02-16T04:00:02Z,2191
2026-02-16T05:00:01Z,2191
2026-02-16T06:00:01Z,2191
2026-02-16T07:00:01Z,2191
2026-02-16T08:00:02Z,2191
2026-02-16T09:00:01Z,2191
2026-02-16T11:00:01Z,2191
2026-02-16T12:00:01Z,2191
2026-02-16T13:00:01Z,2191
2026-02-16T14:00:01Z,2191
2026-02-16T15:00:01Z,2191
2026-02-16T16:00:01Z,2191
2026-02-16T17:00:01Z,2191
2026-02-16T18:00:01Z,2191
2026-02-16T20:00:01Z,2191
2026-02-16T21:00:02Z,2191
2026-02-16T22:00:01Z,2191
2026-02-16T23:00:01Z,2191
2026-02-17T01:00:02Z,2191
2026-02-17T02:00:01Z,2191
2026-02-17T03:00:02Z,2191
2026-02-17T04:00:02Z,2191
2026-02-17T05:00:02Z,2191
2026-02-17T06:00:01Z,2191
2026-02-17T07:00:02Z,2191
2026-02-17T08:00:02Z,2191
2026-02-17T09:00:02Z,2191
2026-02-17T10:00:02Z,2191
2026-02-17T11:00:01Z,2191
2026-02-17T12:00:01Z,2191
2026-02-17T13:00:02Z,2191
2026-02-17T15:00:02Z,2191
2026-02-17T16:00:01Z,2191
2026-02-17T17:00:01Z,2191
2026-02-17T18:00:01Z,2191
2026-02-17T19:00:01Z,2191
2026-02-17T20:00:02Z,2191
2026-02-17T21:00:02Z,2191
2026-02-17T22:00:01Z,2191
2026-02-17T23:00:01Z,2191
2026-02-18T00:00:01Z,2191
2026-02-18T01:00:01Z,2191
2026-02-18T02:00:01Z,2191
2026-02-18T03:00:01Z,2191
2026-02-18T04:00:01Z,2191
2026-02-18T05:00:02Z,2191
2026-02-18T06:00:01Z,2191
2026-02-18T07:00:01Z,2191
2026-02-18T08:00:02Z,2192
2026-02-18T09:00:01Z,2192
2026-02-18T10:00:02Z,2192
2026-02-18T11:00:01Z,2192
2026-02-18T12:00:01Z,2192
2026-02-18T13:00:02Z,2192
2026-02-18T14:00:02Z,2192
2026-02-18T15:00:01Z,2192
2026-02-18T16:00:01Z,2192
2026-02-18T17:00:01Z,2192
2026-02-18T18:00:01Z,2192
2026-02-18T19:00:01Z,2192
2026-02-18T20:00:01Z,2192
2026-02-18T21:00:02Z,2192
2026-02-18T22:00:01Z,2192
2026-02-18T23:00:01Z,2192
2026-02-19T00:00:01Z,2192
2026-02-19T01:00:02Z,2192
2026-02-19T02:00:02Z,2192
2026-02-19T03:00:01Z,2193
2026-02-19T04:00:01Z,2193
2026-02-19T05:00:01Z,2193
2026-02-19T06:00:01Z,2193
2026-02-19T07:00:01Z,2193
2026-02-19T08:00:02Z,2193
2026-02-19T09:00:02Z,2193
2026-02-19T10:00:01Z,2193
2026-02-19T11:00:01Z,2193
2026-02-19T12:00:01Z,2193
2026-02-19T13:00:02Z,2193
2026-02-19T14:00:01Z,2193
2026-02-19T15:00:01Z,2193
2026-02-19T16:00:02Z,2193
2026-02-19T17:00:01Z,2195
2026-02-19T18:00:01Z,2195
2026-02-19T19:00:01Z,2195
2026-02-19T20:00:01Z,2195
2026-02-19T21:00:01Z,2195
2026-02-19T22:00:01Z,2195
2026-02-19T23:00:02Z,2195
2026-02-20T00:00:02Z,2195
2026-02-20T01:00:01Z,2195
2026-02-20T02:00:01Z,2195
2026-02-20T03:00:02Z,2195
2026-02-20T04:00:01Z,2195
2026-02-20T05:00:02Z,2196
2026-02-20T06:00:01Z,2196
2026-02-20T07:00:01Z,2196
2026-02-20T08:00:01Z,2196
2026-02-20T09:00:01Z,2196
2026-02-20T10:00:01Z,2196
2026-02-20T11:00:01Z,2196
2026-02-20T12:00:01Z,2196
2026-02-20T13:00:02Z,2196
2026-02-20T14:00:02Z,2196
2026-02-20T15:00:02Z,2196
2026-02-20T16:00:01Z,2196
2026-02-20T17:00:02Z,2196
2026-02-20T18:00:02Z,2196
2026-02-20T19:00:02Z,2196
2026-02-20T20:00:01Z,2196
2026-02-20T21:00:01Z,2196
2026-02-20T22:00:02Z,2196
2026-02-20T23:00:01Z,2196
2026-02-21T00:00:02Z,2196
2026-02-21T01:00:01Z,2196
2026-02-21T02:00:02Z,2196
2026-02-21T03:00:01Z,2196
2026-02-21T04:00:01Z,2196
2026-02-21T05:00:01Z,2196
2026-02-21T06:00:01Z,2198
2026-02-21T07:00:02Z,2198
2026-02-21T08:00:02Z,2198
2026-02-21T09:00:02Z,2198
2026-02-21T10:00:01Z,2198
2026-02-21T11:00:01Z,2198
2026-02-21T12:00:01Z,2198
2026-02-21T13:00:01Z,2198
2026-02-21T14:00:01Z,2198
2026-02-21T15:00:01Z,2198
2026-02-21T16:00:02Z,2198
2026-02-21T17:00:02Z,2198
2026-02-21T18:00:01Z,2198
2026-02-21T19:00:01Z,2198
2026-02-21T20:00:01Z,2198
2026-02-21T21:00:01Z,2198
2026-02-21T22:00:01Z,2198
2026-02-21T23:00:01Z,2198
2026-02-22T01:00:01Z,2198
2026-02-22T02:00:01Z,2200
2026-02-22T03:00:01Z,2200
2026-02-22T04:00:01Z,2200
2026-02-22T05:00:01Z,2200
2026-02-22T06:00:01Z,2200
2026-02-22T07:00:01Z,2200
2026-02-22T08:00:01Z,2200
2026-02-22T09:00:01Z,2200
2026-02-22T10:00:01Z,2200
2026-02-22T11:00:01Z,2200
2026-02-22T12:00:02Z,2200
2026-02-22T13:00:02Z,2200
2026-02-22T14:00:01Z,2200
2026-02-22T15:00:02Z,2200
2026-02-22T16:00:01Z,2200
2026-02-22T17:00:01Z,2200
2026-02-22T18:00:01Z,2200
2026-02-22T19:00:01Z,2200
2026-02-22T20:00:01Z,2200
2026-02-22T21:00:01Z,2200
2026-02-22T22:00:02Z,2200
2026-02-22T23:00:02Z,2200
2026-02-23T00:00:02Z,2200
2026-02-23T01:00:01Z,2200
2026-02-23T02:00:01Z,2200
2026-02-23T03:00:01Z,2200
2026-02-23T04:00:01Z,2200
2026-02-23T05:00:01Z,2200
2026-02-23T06:00:02Z,2200
2026-02-23T07:00:01Z,2200
2026-02-23T08:00:01Z,2200
2026-02-23T09:00:02Z,2200
2026-02-23T10:00:01Z,2200
2026-02-23T11:00:01Z,2200
2026-02-23T12:00:02Z,2200
2026-02-23T13:00:01Z,2200
2026-02-23T14:00:01Z,2200
2026-02-23T15:00:01Z,2200
2026-02-23T16:00:01Z,2200
2026-02-23T17:00:01Z,2200
2026-02-23T18:00:02Z,2200
2026-02-23T19:00:01Z,2200
2026-02-23T20:00:01Z,2200
2026-02-23T21:00:02Z,2200
2026-02-23T22:00:01Z,2200
2026-02-23T23:00:01Z,2200
2026-02-24T00:00:01Z,2200
2026-02-24T01:00:01Z,2202
2026-02-24T02:00:01Z,2202
2026-02-24T03:00:01Z,2202
2026-02-24T04:00:01Z,2202
2026-02-24T05:00:02Z,2202
2026-02-24T06:00:01Z,2202
2026-02-24T07:00:01Z,2202
2026-02-24T08:00:01Z,2202
2026-02-24T09:00:01Z,2202
2026-02-24T10:00:01Z,2202
2026-02-24T11:00:02Z,2202
2026-02-24T12:00:02Z,2202
2026-02-24T13:00:01Z,2202
2026-02-24T14:00:01Z,2202
2026-02-24T15:00:02Z,2202
2026-02-24T16:00:02Z,2202
2026-02-24T17:00:01Z,2202
2026-02-24T18:00:01Z,2202
2026-02-24T20:00:02Z,2202
2026-02-24T21:00:01Z,2202
2026-02-24T22:00:01Z,2202
2026-02-24T23:00:02Z,2206
2026-02-25T00:00:02Z,2206
2026-02-25T01:00:01Z,2206
2026-02-25T02:00:01Z,2206
2026-02-25T03:00:02Z,2206
2026-02-25T04:00:02Z,2206
2026-02-25T05:00:02Z,2206
2026-02-25T06:00:02Z,2206
2026-02-25T07:00:01Z,2206
2026-02-25T08:00:01Z,2206
2026-02-25T09:00:01Z,2206
2026-02-25T10:00:01Z,2206
2026-02-25T11:00:01Z,2206
2026-02-25T12:00:01Z,2206
2026-02-25T13:00:01Z,2206
2026-02-25T14:00:01Z,2206
2026-02-25T15:00:01Z,2206
2026-02-25T16:00:01Z,2206
2026-02-25T17:00:01Z,2206
2026-02-25T18:00:01Z,2206
2026-02-25T19:00:01Z,2206
2026-02-25T20:00:01Z,2206
2026-02-25T21:00:01Z,2206
2026-02-25T22:00:01Z,2206
2026-02-26T01:00:01Z,2206
2026-02-26T15:00:01Z,2206
2026-02-26T16:00:01Z,2206
2026-02-26T17:00:01Z,2206
2026-02-26T18:00:01Z,2206
2026-02-26T19:00:01Z,2206
2026-02-26T20:00:02Z,2206
2026-02-26T21:00:02Z,2208
2026-02-28T06:00:01Z,2210
2026-02-28T07:00:02Z,2210
2026-02-28T08:00:01Z,2210
2026-02-28T09:00:02Z,2210
2026-02-28T10:00:01Z,2210
2026-02-28T11:00:02Z,2210
2026-02-28T12:00:01Z,2210
2026-02-28T13:00:01Z,2210
2026-02-28T14:00:01Z,2210
2026-02-28T15:00:01Z,2210
2026-02-28T16:00:01Z,2210
2026-02-28T17:00:01Z,2210
2026-02-28T18:00:01Z,2212
2026-02-28T19:00:01Z,2212
2026-02-28T20:00:02Z,2212
2026-02-28T21:00:01Z,2212
2026-02-28T22:00:01Z,2212
2026-02-28T23:00:02Z,2212
2026-03-01T00:00:01Z,2212
2026-03-01T01:00:01Z,2212
2026-03-01T02:00:02Z,2212
2026-03-01T03:00:02Z,2212
2026-03-01T04:00:02Z,2212
2026-03-01T05:00:01Z,2212
2026-03-01T06:00:01Z,2212
2026-03-01T07:00:01Z,2212
2026-03-01T08:00:01Z,2212
2026-03-01T09:00:01Z,2212
2026-03-01T10:00:01Z,2212
2026-03-01T11:00:01Z,2214
2026-03-01T12:00:01Z,2214
2026-03-01T13:00:01Z,2214
2026-03-01T14:00:01Z,2214
2026-03-01T15:00:02Z,2214
2026-03-01T16:00:01Z,2214
2026-03-01T17:00:01Z,2214
2026-03-01T18:00:01Z,2214
2026-03-01T19:00:02Z,2214
2026-03-01T20:00:02Z,2214
2026-03-01T21:00:01Z,2214
2026-03-01T22:00:01Z,2214
2026-03-01T23:00:01Z,2214
2026-03-02T00:00:01Z,2214
2026-03-02T01:00:01Z,2214
2026-03-02T02:00:01Z,2214
2026-03-02T03:00:02Z,2214
2026-03-02T04:00:02Z,2214
2026-03-02T05:00:02Z,2214
2026-03-02T06:00:01Z,2214
2026-03-02T07:00:01Z,2214
2026-03-02T08:00:01Z,2214
2026-03-02T09:00:01Z,2214
2026-03-02T10:00:01Z,2214
2026-03-02T11:00:01Z,2214
2026-03-02T12:00:01Z,2214
2026-03-02T13:00:01Z,2214
2026-03-02T14:00:01Z,2214
2026-03-02T15:00:01Z,2214
2026-03-02T16:00:01Z,2214
2026-03-02T17:00:01Z,2214
2026-03-02T18:00:02Z,2214
2026-03-02T19:00:02Z,2214
2026-03-02T20:00:02Z,2214
2026-03-02T21:00:01Z,2214
2026-03-02T22:00:02Z,2214
2026-03-02T23:00:01Z,2214
2026-03-03T00:00:01Z,2214
2026-03-03T01:00:01Z,2214
2026-03-03T02:00:02Z,2214
2026-03-03T03:00:01Z,2214
2026-03-03T04:00:01Z,2214
2026-03-03T05:00:02Z,2214
2026-03-03T06:00:02Z,2214
2026-03-03T07:00:01Z,2214
2026-03-03T08:00:01Z,2214
2026-03-03T09:00:01Z,2214
2026-03-03T10:00:01Z,2214
2026-03-03T11:00:01Z,2214
2026-03-03T12:00:01Z,2214
2026-03-03T13:00:02Z,2218
2026-03-03T14:00:01Z,2218
2026-03-03T15:00:01Z,2218
2026-03-03T16:00:01Z,2218
2026-03-03T17:00:01Z,2218
2026-03-03T18:00:01Z,2218
2026-03-03T19:00:01Z,2218
2026-03-03T20:00:02Z,2218
2026-03-03T21:00:02Z,2218
2026-03-03T22:00:01Z,2218
2026-03-03T23:00:01Z,2218
2026-03-04T01:00:01Z,2218
2026-03-04T02:00:01Z,2218
2026-03-04T03:00:01Z,2218
2026-03-04T04:00:02Z,2218
2026-03-04T05:00:01Z,2218
2026-03-04T06:00:01Z,2218
2026-03-04T07:00:01Z,2220
2026-03-04T08:00:01Z,2220
2026-03-04T09:00:01Z,2220
2026-03-04T10:00:01Z,2220
2026-03-04T11:00:01Z,2220
2026-03-04T12:00:02Z,2220
2026-03-04T13:00:01Z,2220
2026-03-04T14:00:02Z,2220
2026-03-04T15:00:01Z,2220
2026-03-04T16:00:01Z,2220
2026-03-04T17:00:02Z,2220
2026-03-04T18:00:01Z,2220
2026-03-04T19:00:01Z,2220
2026-03-04T20:00:01Z,2220
2026-03-04T21:00:01Z,2220
2026-03-04T22:00:01Z,2224
2026-03-04T23:00:01Z,2224
2026-03-05T00:00:01Z,2224
2026-03-05T01:00:01Z,2224
2026-03-05T02:00:01Z,2224
2026-03-05T03:00:01Z,2224
2026-03-05T04:00:01Z,2224
2026-03-05T05:00:01Z,2224
2026-03-05T06:00:01Z,2224
2026-03-05T07:00:01Z,2224
2026-03-05T08:00:01Z,2224
2026-03-05T09:00:01Z,2224
2026-03-05T10:00:01Z,2224
2026-03-05T11:00:01Z,2224
2026-03-05T12:00:01Z,2224
2026-03-05T13:00:02Z,2224
2026-03-05T14:00:02Z,2224
2026-03-05T15:00:01Z,2224
2026-03-05T16:00:01Z,2224
2026-03-05T17:00:01Z,2224
2026-03-05T18:00:01Z,2224
2026-03-05T19:00:01Z,2224
2026-03-05T20:00:01Z,2224
2026-03-05T21:00:02Z,2224
2026-03-05T22:00:01Z,2224
2026-03-05T23:00:02Z,2224
2026-03-06T00:00:02Z,2224
2026-03-06T01:00:02Z,2224
2026-03-06T02:00:01Z,2224
2026-03-06T03:00:01Z,2224
2026-03-06T04:00:01Z,2224
2026-03-06T05:00:02Z,2224
2026-03-06T06:00:01Z,2224
2026-03-06T07:00:01Z,2224
2026-03-06T08:00:02Z,2224
2026-03-06T09:00:01Z,2224
2026-03-06T10:00:01Z,2224
2026-03-06T11:00:01Z,2224
2026-03-06T12:00:01Z,2224
2026-03-06T13:00:01Z,2224
2026-03-06T14:00:01Z,2224
2026-03-06T15:00:01Z,2224
2026-03-06T16:00:01Z,2224
2026-03-06T17:00:02Z,2226
2026-03-06T17:10:58Z,2226
2026-03-06T17:11:18Z,2226
2026-03-06T17:11:42Z,2226
2026-03-06T17:19:54Z,2231
2026-03-06T18:00:01Z,2236
2026-03-06T19:00:02Z,2236
2026-03-06T20:00:02Z,2236
2026-03-06T21:00:02Z,2236
2026-03-06T22:00:02Z,2236
2026-03-06T23:00:01Z,2236
2026-03-07T00:00:02Z,2236
2026-03-07T01:00:01Z,2236
2026-03-07T02:00:02Z,2236
2026-03-07T03:00:01Z,2236
2026-03-07T04:00:02Z,2236
2026-03-07T05:00:02Z,2236
2026-03-07T06:00:01Z,2236
2026-03-07T07:00:01Z,2236
2026-03-07T08:00:01Z,2236
2026-03-07T09:00:01Z,2236
2026-03-07T10:00:01Z,2236
2026-03-07T11:00:01Z,2236
2026-03-07T12:00:01Z,2236
2026-03-07T13:00:01Z,2236
2026-03-07T14:00:01Z,2237
2026-03-07T15:00:01Z,2237
2026-03-07T16:00:01Z,2237
2026-03-07T17:00:04Z,2237
2026-03-07T18:00:01Z,2237
2026-03-07T19:00:03Z,2237
2026-03-07T20:00:02Z,2237
2026-03-07T21:00:01Z,2237
2026-03-07T22:00:02Z,2237
2026-03-07T23:00:02Z,2237
2026-03-08T00:00:02Z,
2026-03-08T01:00:01Z,2237
2026-03-08T02:00:01Z,2237
2026-03-08T03:00:02Z,2237
2026-03-08T04:00:02Z,2237
2026-03-08T05:00:01Z,2237
2026-03-08T06:00:02Z,2237
2026-03-08T07:00:01Z,2237
2026-03-08T08:00:02Z,2237
2026-03-08T09:00:02Z,2237
2026-03-08T10:00:02Z,2237
2026-03-08T11:00:01Z,2237
2026-03-08T12:00:02Z,2237
2026-03-08T13:00:02Z,2237
2026-03-08T14:00:01Z,2237
2026-03-08T15:00:01Z,2237
2026-03-08T16:00:02Z,2237
2026-03-08T17:00:02Z,2237
2026-03-08T18:00:03Z,2237
2026-03-08T19:00:04Z,2237
2026-03-08T20:00:02Z,2238
2026-03-08T21:00:02Z,2238
2026-03-08T22:00:02Z,2238
2026-03-08T23:00:01Z,2238
2026-03-09T00:00:10Z,2238
2026-03-09T01:00:02Z,2238
2026-03-09T02:00:01Z,2239
2026-03-09T03:00:02Z,2239
2026-03-09T04:00:02Z,2239
2026-03-09T05:00:01Z,2239
2026-03-09T06:00:02Z,2240
2026-03-09T07:00:02Z,2240
2026-03-09T08:00:02Z,2240
2026-03-09T09:00:02Z,2240
2026-03-09T10:00:01Z,2240
2026-03-09T11:00:02Z,2240
2026-03-09T12:00:01Z,2240
2026-03-09T13:00:02Z,2240
2026-03-09T14:00:01Z,2242
2026-03-09T15:00:02Z,2242
2026-03-09T16:00:03Z,2242
2026-03-09T17:00:01Z,2242
2026-03-09T18:00:08Z,2242
2026-03-09T19:00:02Z,2242
2026-03-09T20:00:02Z,2242
2026-03-09T21:00:02Z,2242
2026-03-09T22:00:02Z,2244
2026-03-09T23:00:02Z,2244
2026-03-10T00:00:33Z,2244
2026-03-10T01:00:01Z,2244
2026-03-10T02:00:02Z,2244
2026-03-10T03:00:02Z,2244
2026-03-10T04:00:02Z,2244
2026-03-10T05:00:02Z,2244
2026-03-10T06:00:01Z,2244
2026-03-10T07:00:02Z,2244
2026-03-10T08:00:01Z,2244
2026-03-10T09:00:02Z,2244
2026-03-10T10:00:02Z,2244
2026-03-10T11:00:01Z,2244
2026-03-10T12:00:02Z,2244
2026-03-10T13:00:02Z,2244
2026-03-10T14:00:02Z,2244
2026-03-10T15:00:01Z,2244
2026-03-10T16:00:01Z,2244
2026-03-10T17:00:01Z,2244
2026-03-10T18:00:01Z,2244
2026-03-10T19:00:01Z,2244
2026-03-10T20:00:02Z,2244
2026-03-10T21:00:02Z,2244
2026-03-10T22:00:02Z,2244
2026-03-10T23:00:01Z,2244
2026-03-11T00:00:02Z,2244
2026-03-11T01:00:06Z,2244
2026-03-11T02:00:02Z,2244
2026-03-11T03:00:01Z,2244
2026-03-11T04:00:01Z,2244
2026-03-11T05:00:13Z,2244
2026-03-11T06:00:13Z,2244
2026-03-11T07:00:15Z,2244
2026-03-11T08:00:13Z,2244
2026-03-11T09:00:18Z,2244
2026-03-11T10:00:43Z,2244
2026-03-11T11:00:13Z,2244
2026-03-11T12:00:15Z,2244
2026-03-11T13:00:35Z,2244
2026-03-11T14:00:13Z,2244
2026-03-11T15:00:24Z,2244
2026-03-11T16:00:02Z,2244
2026-03-11T17:00:02Z,2244
2026-03-11T18:00:12Z,2244
2026-03-11T19:00:01Z,2244
2026-03-11T20:00:01Z,2244
2026-03-11T21:00:02Z,2244
2026-03-11T22:00:02Z,2244
2026-03-11T23:00:01Z,2244
2026-03-12T00:00:10Z,2244
2026-03-12T01:00:02Z,2244
2026-03-12T02:00:01Z,2244
2026-03-12T03:00:02Z,2244
2026-03-12T04:00:02Z,2244
2026-03-12T05:00:02Z,2244
2026-03-12T06:00:01Z,2244
2026-03-12T07:00:02Z,2244
2026-03-12T08:00:02Z,2244
2026-03-12T09:00:02Z,2244
2026-03-12T10:00:02Z,2244
2026-03-12T11:00:02Z,2244
2026-03-12T12:00:03Z,2244
2026-03-12T13:00:02Z,2244
2026-03-12T14:00:02Z,2244
2026-03-12T15:00:01Z,2244
2026-03-12T16:00:01Z,2244
2026-03-12T17:00:02Z,2244
2026-03-12T18:00:02Z,2244
2026-03-12T19:00:01Z,2244
2026-03-12T20:00:01Z,2244
2026-03-12T21:00:02Z,2244
2026-03-12T22:00:02Z,2244
2026-03-12T23:00:01Z,2244
2026-03-13T00:00:09Z,2244
2026-03-13T01:00:06Z,2244
2026-03-13T02:00:01Z,2244
2026-03-13T03:00:02Z,2244
2026-03-13T04:00:02Z,2244
2026-03-13T05:00:01Z,2244
2026-03-13T06:00:01Z,2244
2026-03-13T07:00:01Z,2244
2026-03-13T08:00:02Z,2244
2026-03-13T09:00:02Z,2244
2026-03-13T10:00:01Z,2244
2026-03-13T11:00:01Z,2244
2026-03-13T12:00:01Z,2244
2026-03-13T13:00:01Z,2244
2026-03-13T14:00:02Z,2244
2026-03-13T15:00:01Z,2244
2026-03-13T16:00:03Z,2244
2026-03-13T17:00:02Z,2244
2026-03-13T18:00:02Z,2244
2026-03-13T19:00:01Z,2244
2026-03-13T20:00:02Z,2244
2026-03-13T21:00:02Z,2244
2026-03-13T22:00:02Z,2244
2026-03-13T23:00:02Z,2244
2026-03-14T00:00:10Z,2244
2026-03-14T01:00:07Z,2244
2026-03-14T02:00:02Z,2244
2026-03-14T03:00:02Z,2244
2026-03-14T04:00:02Z,2244
2026-03-14T05:00:01Z,2244
2026-03-14T06:00:01Z,2244
2026-03-14T07:00:01Z,2246
2026-03-14T08:00:01Z,2246
2026-03-14T09:00:02Z,2246
2026-03-14T10:00:02Z,2246
2026-03-14T11:00:02Z,2246
2026-03-14T12:00:02Z,2246
2026-03-14T13:00:02Z,2246
2026-03-14T14:00:02Z,2246
2026-03-14T15:00:02Z,2246
2026-03-14T16:00:02Z,2246
2026-03-14T17:00:02Z,2246
2026-03-14T18:00:02Z,2246
2026-03-14T19:00:02Z,2246
2026-03-14T20:00:02Z,2246
2026-03-14T21:00:02Z,2246
2026-03-14T22:00:02Z,2246
2026-03-14T23:00:02Z,2246
2026-03-15T00:00:02Z,
2026-03-15T01:00:07Z,2246
2026-03-15T02:00:01Z,2266
2026-03-15T03:00:02Z,2268
2026-03-15T04:00:02Z,2268
2026-03-15T05:00:02Z,2268
2026-03-15T06:00:02Z,2268
2026-03-15T07:00:02Z,2268
2026-03-15T08:00:01Z,2268
2026-03-15T09:00:01Z,2268
2026-03-15T10:00:01Z,2268
2026-03-15T11:00:01Z,2268
2026-03-15T12:00:02Z,2268
2026-03-15T13:00:02Z,2268
2026-03-15T14:00:02Z,2268
2026-03-15T15:00:02Z,2268
2026-03-15T16:00:01Z,2268
2026-03-15T17:00:02Z,2268
2026-03-15T18:00:01Z,2268
2026-03-15T19:00:01Z,2268
2026-03-15T20:00:01Z,2268
2026-03-15T21:00:01Z,2268
2026-03-15T22:00:02Z,2268
2026-03-15T23:00:01Z,2268
2026-03-16T00:00:02Z,
2026-03-16T01:00:07Z,2268
2026-03-16T02:00:02Z,2268
2026-03-16T03:00:02Z,2268
2026-03-16T04:00:02Z,2268
2026-03-16T05:00:01Z,2268
2026-03-16T06:00:02Z,2268
2026-03-16T07:00:02Z,2268
2026-03-16T08:00:01Z,2268
2026-03-16T09:00:02Z,2268
2026-03-16T10:00:01Z,2268
2026-03-16T11:00:01Z,2268
2026-03-16T12:00:02Z,2268
2026-03-16T13:00:02Z,2268
2026-03-16T14:00:19Z,2268
2026-03-16T15:00:02Z,2268
2026-03-16T16:00:02Z,2268
2026-03-16T17:00:02Z,2268
2026-03-16T18:00:03Z,2268
2026-03-16T19:00:02Z,2268
2026-03-16T20:00:02Z,2268
2026-03-16T21:00:02Z,2268
2026-03-16T22:00:02Z,2268
2026-03-16T23:00:01Z,2272
2026-03-17T00:00:02Z,2272
2026-03-17T01:00:07Z,2272
2026-03-17T02:00:02Z,2272
2026-03-17T03:00:02Z,2272
2026-03-17T04:00:01Z,2272
2026-03-17T05:00:01Z,2272
2026-03-17T06:00:02Z,2272
2026-03-17T07:00:01Z,2272
2026-03-17T08:00:02Z,2272
2026-03-17T09:00:02Z,2272
2026-03-17T10:00:01Z,2272
2026-03-17T11:00:02Z,2272
2026-03-17T12:00:01Z,2272
2026-03-17T13:00:01Z,2272
2026-03-17T14:00:02Z,2272
2026-03-17T15:00:02Z,2272
2026-03-17T16:00:01Z,2272
2026-03-17T17:00:02Z,2272
2026-03-17T18:00:02Z,2272
2026-03-17T19:00:02Z,2274
2026-03-17T20:00:02Z,2274
2026-03-17T21:00:02Z,2274
2026-03-17T22:00:02Z,2274
2026-03-17T23:00:01Z,2274
2026-03-18T00:00:01Z,
2026-03-18T01:00:02Z,2274
2026-03-18T02:00:02Z,2274
2026-03-18T03:00:02Z,2274
2026-03-18T04:00:03Z,2274
2026-03-18T05:00:01Z,2274
2026-03-18T06:00:01Z,2274
2026-03-18T07:00:01Z,2274
2026-03-18T08:00:02Z,2274
2026-03-18T09:00:02Z,2274
2026-03-18T10:00:02Z,2274
2026-03-18T11:00:02Z,2274
2026-03-18T12:00:01Z,2274
2026-03-18T13:00:01Z,2274
2026-03-18T14:00:15Z,2274
2026-03-18T15:00:15Z,2274
2026-03-18T16:00:14Z,2274
2026-03-18T17:00:01Z,2274
2026-03-18T18:00:01Z,2274
2026-03-18T19:00:01Z,2274
2026-03-18T20:00:01Z,2274
2026-03-18T21:00:01Z,2274
2026-03-18T22:00:02Z,2274
2026-03-18T23:00:02Z,2274
2026-03-19T00:00:03Z,
2026-03-19T01:00:02Z,2274
2026-03-19T02:00:01Z,
2026-03-19T03:00:01Z,
2026-03-19T04:00:01Z,
2026-03-19T05:00:01Z,
2026-03-19T06:00:01Z,
2026-03-19T07:00:01Z,
2026-03-19T08:00:01Z,
2026-03-19T09:00:01Z,
2026-03-19T10:00:01Z,
2026-03-19T11:00:01Z,
2026-03-19T12:00:01Z,
2026-03-19T13:00:02Z,
2026-03-19T14:00:02Z,2274
2026-03-19T15:00:01Z,2274
2026-03-19T16:00:02Z,2274
2026-03-19T17:00:02Z,2274
2026-03-19T18:00:02Z,2274
2026-03-19T19:00:01Z,2274
2026-03-19T20:00:02Z,2274
2026-03-19T21:00:02Z,2274
2026-03-19T22:00:02Z,2274
2026-03-19T23:00:02Z,2274
2026-03-20T00:00:01Z,2274
2026-03-20T01:00:01Z,2274
2026-03-20T02:00:01Z,2274
2026-03-20T03:00:01Z,2274
2026-03-20T04:00:02Z,2274
2026-03-20T05:00:02Z,2274
2026-03-20T06:00:02Z,2274
2026-03-20T07:00:02Z,2274
2026-03-20T08:00:02Z,2274
2026-03-20T09:00:02Z,2274
2026-03-20T10:00:02Z,2274
2026-03-20T11:00:02Z,2274
2026-03-20T12:00:02Z,2274
2026-03-20T13:00:02Z,2274
2026-03-20T14:00:01Z,2274
2026-03-20T15:00:01Z,2274
2026-03-20T16:00:01Z,2274
2026-03-20T17:00:02Z,2274
2026-03-20T18:00:02Z,2274
2026-03-20T19:00:02Z,2274
2026-03-20T20:00:02Z,2274
2026-03-20T21:00:02Z,2274
2026-03-20T22:00:02Z,2292
2026-03-20T23:00:01Z,2292
2026-03-21T00:00:02Z,
2026-03-21T01:00:06Z,2292
2026-03-21T02:00:02Z,2292
2026-03-21T03:00:01Z,2294
2026-03-21T04:00:02Z,2294
2026-03-21T15:00:02Z,2294
2026-03-21T16:00:01Z,2294
2026-03-21T17:00:14Z,2294
2026-03-21T18:00:02Z,2294
2026-03-21T19:00:02Z,2294
2026-03-21T20:00:02Z,2294
2026-03-21T21:00:02Z,2294
2026-03-21T22:00:02Z,2294
2026-03-21T23:00:02Z,2294
2026-03-22T00:00:02Z,
2026-03-22T01:00:01Z,2294
2026-03-22T02:00:01Z,2294
2026-03-22T03:00:12Z,2294
2026-03-22T04:00:13Z,2294
2026-03-22T05:00:12Z,2294
2026-03-22T06:00:14Z,2294
2026-03-22T07:00:13Z,2294
2026-03-22T08:00:14Z,2294
2026-03-22T09:00:02Z,2294
2026-03-22T10:00:02Z,2294
2026-03-22T11:00:02Z,2294
2026-03-22T12:00:01Z,2294
2026-03-22T13:00:02Z,2294
2026-03-22T14:00:02Z,2294
2026-03-22T15:00:02Z,2294
2026-03-22T16:00:02Z,2294
2026-03-22T17:00:02Z,2294
2026-03-22T18:00:02Z,2294
2026-03-22T19:00:02Z,2294
2026-03-22T20:00:02Z,2294
2026-03-22T21:00:01Z,2294
2026-03-22T22:00:02Z,2294
2026-03-22T23:00:02Z,2294
2026-03-23T00:00:06Z,2294
2026-03-23T01:00:02Z,2294
2026-03-23T02:00:02Z,2294
2026-03-23T03:00:15Z,
2026-03-23T04:00:19Z,2294
2026-03-23T05:00:15Z,2294
2026-03-23T06:00:14Z,2294
2026-03-23T07:00:14Z,2294
2026-03-23T08:00:02Z,2294
2026-03-23T09:00:02Z,2294
2026-03-23T10:00:02Z,2294
2026-03-23T11:00:02Z,2294
2026-03-23T12:00:01Z,2294
2026-03-23T13:00:01Z,2294
2026-03-23T14:00:01Z,2294
2026-03-23T15:00:02Z,2294
2026-03-23T16:00:02Z,2294
2026-03-23T17:00:01Z,2294
2026-03-23T18:00:02Z,2294
2026-03-23T19:00:02Z,2294
2026-03-23T20:00:02Z,2294
2026-03-23T21:00:02Z,2294
2026-03-23T22:00:02Z,2294
2026-03-23T23:00:02Z,2294
2026-03-24T00:00:10Z,2294
2026-03-24T01:00:06Z,2296
2026-03-24T02:00:02Z,2296
2026-03-24T03:00:02Z,2296
2026-03-24T04:00:02Z,2296
2026-03-24T05:00:02Z,2296
2026-03-24T06:00:01Z,2296
2026-03-24T07:00:02Z,2296
2026-03-24T08:00:02Z,2296
2026-03-24T09:00:01Z,2296
2026-03-24T10:00:01Z,2296
2026-03-24T11:00:01Z,2296
2026-03-24T12:00:02Z,2296
2026-03-24T13:00:01Z,2296
2026-03-24T14:00:01Z,2296
2026-03-24T15:00:31Z,2296
2026-03-24T16:00:02Z,2296
2026-03-24T17:00:02Z,2296
2026-03-24T18:00:02Z,2298
2026-03-24T19:00:02Z,2300
2026-03-24T20:00:01Z,2300
2026-03-24T21:00:01Z,2300
2026-03-24T22:00:01Z,2314
2026-03-24T23:00:01Z,2314
2026-03-25T00:00:01Z,
2026-03-25T01:00:01Z,2314
2026-03-25T02:00:01Z,2314
2026-03-25T03:00:01Z,2314
2026-03-25T04:00:01Z,2315
2026-03-25T05:00:01Z,2315
2026-03-25T06:00:02Z,2315
2026-03-25T07:00:01Z,2315
2026-03-25T08:00:01Z,2315
2026-03-25T09:00:01Z,2315
2026-03-25T10:00:02Z,2315
2026-03-25T11:00:01Z,2315
2026-03-25T12:00:02Z,2315
2026-03-25T13:00:02Z,2315
2026-03-25T14:00:02Z,2315
2026-03-25T15:00:02Z,2315
2026-03-25T16:00:01Z,2315
2026-03-25T17:00:01Z,2315
2026-03-25T18:00:02Z,2315
2026-03-25T19:00:02Z,2315
2026-03-25T20:00:07Z,2315
2026-03-25T21:00:02Z,2315
2026-03-25T22:00:01Z,2315
2026-03-25T23:00:02Z,2315
2026-03-26T00:00:02Z,2315
2026-03-26T01:00:05Z,2315
2026-03-26T02:00:01Z,2315
2026-03-26T03:00:02Z,2315
2026-03-26T04:00:02Z,2315
2026-03-26T05:00:02Z,2315
2026-03-26T06:00:02Z,2315
2026-03-26T07:00:02Z,2315
2026-03-26T08:00:02Z,2315
2026-03-26T09:00:02Z,2315
2026-03-26T10:00:02Z,2315
2026-03-26T11:00:01Z,2315
2026-03-26T12:00:01Z,2315
2026-03-26T13:00:01Z,2315
2026-03-26T14:00:02Z,2315
2026-03-26T15:00:02Z,2315
2026-03-26T16:00:39Z,2315
2026-03-26T16:15:44Z,2315
2026-03-26T16:23:45Z,2315
2026-03-26T16:53:54Z,2315
2026-03-26T17:53:00Z,2315
2026-03-26T18:13:54Z,2315
2026-03-26T18:53:04Z,2315
2026-03-26T19:50:21Z,2315
2026-03-26T20:27:39Z,2315
2026-03-26T21:23:28Z,2315
2026-03-26T22:19:02Z,2315
2026-03-26T23:22:31Z,2315
2026-03-27T01:21:40Z,2323
2026-03-27T04:26:32Z,2325
2026-03-27T06:07:06Z,2325
2026-03-27T07:54:38Z,2325
2026-03-27T08:40:22Z,2325
2026-03-27T09:44:47Z,2325
2026-03-27T10:38:43Z,2325
2026-03-27T11:35:19Z,2325
2026-03-27T12:40:55Z,2325
2026-03-27T14:04:51Z,2325
2026-03-27T15:42:31Z,2327
2026-03-27T16:42:49Z,2327
2026-03-27T17:42:34Z,2327
2026-03-27T18:43:27Z,2327
2026-03-27T19:35:55Z,2327
2026-03-27T20:27:43Z,2327
2026-03-27T21:26:09Z,2327
2026-03-27T22:22:26Z,2327
2026-03-27T23:23:40Z,2327
2026-03-28T01:15:21Z,2327
2026-03-28T04:11:18Z,2328
2026-03-28T05:50:25Z,2328
2026-03-28T06:46:11Z,2328
2026-03-28T07:39:00Z,2328
2026-03-28T08:28:41Z,2328
2026-03-28T09:28:23Z,2328
2026-03-28T10:23:08Z,2330
2026-03-28T11:20:25Z,2330
2026-03-28T12:32:57Z,2330
2026-03-28T13:43:30Z,2330
2026-03-28T14:23:43Z,2330
2026-03-28T15:22:18Z,2330
2026-03-28T16:22:36Z,2330
2026-03-28T17:20:59Z,2330
2026-03-28T18:26:53Z,2330
2026-03-28T19:23:46Z,2330
2026-03-28T20:19:01Z,2330
2026-03-28T21:21:16Z,2330
2026-03-28T22:19:23Z,2330
2026-03-28T23:21:54Z,2330
2026-03-29T01:24:55Z,2330
2026-03-29T04:29:55Z,2330
2026-03-29T06:06:44Z,2330
2026-03-29T07:45:55Z,2330
2026-03-29T08:30:05Z,2330
2026-03-29T09:27:58Z,2330
2026-03-29T10:23:16Z,2330
2026-03-29T11:21:15Z,2330
2026-03-29T12:33:28Z,2330
2026-03-29T13:45:22Z,2330
2026-03-29T14:26:02Z,2330
2026-03-29T15:22:30Z,2330
2026-03-29T16:24:31Z,2330
2026-03-29T17:22:33Z,2330
2026-03-29T18:28:10Z,2330
2026-03-29T19:25:43Z,2331
2026-03-29T20:21:14Z,2331
2026-03-29T21:23:17Z,2331
2026-03-29T22:20:49Z,2331
2026-03-29T23:23:25Z,2331
2026-03-30T01:25:26Z,2331
2026-03-30T04:37:17Z,2332
2026-03-30T06:24:41Z,2332
2026-03-30T08:17:08Z,2332
2026-03-30T10:07:23Z,2332
2026-03-30T11:48:40Z,2332
2026-03-30T12:54:56Z,2332
2026-03-30T14:22:15Z,2332
2026-03-30T16:00:24Z,2332
2026-03-30T17:44:21Z,2332
2026-03-30T18:46:23Z,2332
2026-03-30T19:49:07Z,2332
2026-03-30T20:35:51Z,2332
2026-03-30T21:34:01Z,2332
2026-03-30T22:25:46Z,2332
2026-03-30T23:26:56Z,2332
2026-03-31T01:23:00Z,2332
2026-03-31T04:28:24Z,2332
2026-03-31T06:11:12Z,2332
2026-03-31T08:02:24Z,2332
2026-03-31T09:55:35Z,2332
2026-03-31T10:45:08Z,2332
2026-03-31T11:41:23Z,2332
2026-03-31T12:54:15Z,2332
2026-03-31T14:23:27Z,2332
2026-03-31T15:59:08Z,2332
2026-03-31T16:58:48Z,2332
2026-03-31T17:56:39Z,2332
2026-03-31T18:52:59Z,2332
2026-03-31T19:48:51Z,2332
2026-03-31T20:34:06Z,2332
2026-03-31T21:29:39Z,2332
2026-03-31T22:25:24Z,2332
2026-03-31T23:25:36Z,2332
2026-04-01T01:29:48Z,2332
2026-04-01T04:40:25Z,2332
2026-04-01T06:22:19Z,2332
2026-04-01T08:09:38Z,2332
2026-04-01T09:59:37Z,2332
2026-04-01T10:59:29Z,2332
2026-04-01T11:54:13Z,2332
2026-04-01T12:55:38Z,2332
2026-04-01T14:25:40Z,2336
2026-04-01T16:01:58Z,2336
2026-04-01T17:41:58Z,2336
2026-04-01T18:46:23Z,2336
2026-04-01T19:52:51Z,2336
2026-04-01T20:35:14Z,2336
2026-04-01T21:33:52Z,2336
2026-04-01T22:27:45Z,2336
2026-04-01T23:28:45Z,2336
2026-04-02T01:19:42Z,2336
2026-04-02T04:21:40Z,2336
2026-04-02T06:06:28Z,2336
2026-04-02T07:59:14Z,2336
2026-04-02T08:59:02Z,2336
2026-04-02T10:02:11Z,2336
2026-04-02T11:39:01Z,2336
2026-04-02T12:49:52Z,2336
2026-04-02T14:17:21Z,2336
2026-04-02T15:51:59Z,2336
2026-04-02T16:45:32Z,2336
2026-04-02T17:41:55Z,2336
2026-04-02T18:42:35Z,2336
2026-04-02T19:42:29Z,2336
2026-04-02T20:26:04Z,2336
2026-04-02T21:28:27Z,2336
2026-04-02T22:23:41Z,2336
2026-04-02T23:25:54Z,2336
2026-04-03T01:21:50Z,2336
2026-04-03T04:22:13Z,2336
2026-04-03T06:06:33Z,2336
2026-04-03T07:56:33Z,2336
2026-04-03T08:44:47Z,2336
2026-04-03T09:44:34Z,2336
2026-04-03T10:35:11Z,2336
2026-04-03T11:31:34Z,2336
2026-04-03T12:40:41Z,2336
2026-04-03T13:57:22Z,2336
2026-04-03T14:39:36Z,2337
2026-04-03T15:33:25Z,2337
2026-04-03T16:29:27Z,2338
2026-04-03T17:26:26Z,2338
2026-04-03T18:34:29Z,2338
2026-04-03T19:32:33Z,2338
2026-04-03T20:26:50Z,2338
2026-04-03T21:24:36Z,2340
2026-04-03T22:23:15Z,2340
2026-04-03T23:25:06Z,2340
2026-04-04T01:16:28Z,2340
2026-04-04T04:08:08Z,2342
2026-04-04T05:50:31Z,2342
2026-04-04T06:48:29Z,2342
2026-04-04T07:42:27Z,2342
2026-04-04T08:30:43Z,2342
2026-04-04T09:28:34Z,2342
2026-04-04T10:24:22Z,2342
2026-04-04T11:22:09Z,2342
2026-04-04T12:33:24Z,2342
2026-04-04T13:45:21Z,2342
2026-04-04T14:25:54Z,2342
2026-04-04T15:22:08Z,2342
2026-04-04T16:24:25Z,2342
2026-04-04T17:22:19Z,2342
2026-04-04T18:28:40Z,2342
2026-04-04T19:24:29Z,2342
2026-04-04T20:19:37Z,2342
2026-04-04T21:22:46Z,2342
2026-04-04T22:19:34Z,2342
2026-04-04T23:22:26Z,2342
2026-04-05T01:25:31Z,2342
2026-04-05T04:29:37Z,2342
2026-04-05T06:09:31Z,2342
2026-04-05T07:49:44Z,2342
2026-04-05T08:33:32Z,2342
2026-04-05T09:30:19Z,2342
2026-04-05T10:24:17Z,2342
2026-04-05T11:21:54Z,2342
2026-04-05T12:35:47Z,2342
2026-04-05T13:47:06Z,2342
2026-04-05T14:28:02Z,2342
2026-04-05T15:23:02Z,2342
2026-04-05T16:26:08Z,2342
2026-04-05T17:22:31Z,2342
2026-04-05T18:29:20Z,2342
2026-04-05T19:27:42Z,2342
2026-04-05T20:21:51Z,2342
2026-04-05T21:22:51Z,2342
2026-04-05T22:20:42Z,2342
2026-04-05T23:24:31Z,2342
2026-04-06T01:25:36Z,2342
2026-04-06T04:36:59Z,2342
2026-04-06T06:25:43Z,2342
2026-04-06T08:18:02Z,2342
2026-04-06T10:00:24Z,2342
2026-04-06T11:01:44Z,2342
2026-04-06T12:47:37Z,2342
2026-04-06T14:06:07Z,2342
2026-04-06T15:38:00Z,2342
2026-04-06T16:36:25Z,2342
2026-04-06T17:37:37Z,2342
2026-04-06T18:43:03Z,2342
2026-04-06T19:45:12Z,2342
2026-04-06T20:29:41Z,2342
2026-04-06T21:30:04Z,2342
2026-04-06T22:26:15Z,2342
2026-04-06T23:26:46Z,2342
2026-04-07T01:23:46Z,2342
2026-04-07T04:25:29Z,2342
2026-04-07T06:13:57Z,2342
2026-04-07T08:06:10Z,2342
2026-04-07T09:59:21Z,2342
2026-04-07T10:56:47Z,2342
2026-04-07T11:49:00Z,2342
2026-04-07T12:58:10Z,2342
2026-04-07T14:29:33Z,2342
2026-04-08T16:10:00Z,2342
2026-04-08T16:27:09Z,2342
2026-04-08T16:52:56Z,2342
2026-04-08T17:59:10Z,2342
2026-04-08T19:16:07Z,2342
2026-04-08T20:33:54Z,2342
2026-04-08T21:34:30Z,2342
2026-04-08T22:30:14Z,2342
2026-04-08T23:30:32Z,2342
2026-04-09T01:15:04Z,2342
2026-04-09T04:25:41Z,2342
2026-04-09T06:15:18Z,2342
2026-04-09T08:12:52Z,2342
2026-04-09T10:03:58Z,2342
2026-04-09T11:45:39Z,2342
2026-04-09T12:59:52Z,2342
2026-04-09T14:55:18Z,2342
2026-04-09T16:13:10Z,2342
2026-04-09T17:53:47Z,2342
2026-04-09T18:51:03Z,2342
2026-04-09T19:58:47Z,2342
2026-04-09T20:50:40Z,2342
2026-04-09T21:38:50Z,2342
2026-04-09T22:32:13Z,2342
2026-04-09T23:31:04Z,2342
2026-04-10T01:25:11Z,2342
2026-04-10T04:39:23Z,2342
2026-04-10T06:27:15Z,2342
2026-04-10T08:16:40Z,2342
2026-04-10T10:00:55Z,2342
2026-04-10T11:40:24Z,2342
2026-04-10T12:45:47Z,2342
2026-04-10T14:11:51Z,2342
2026-04-10T15:41:45Z,2342
2026-04-10T16:40:09Z,2342
2026-04-10T17:40:49Z,2342
2026-04-10T18:39:30Z,2342
2026-04-10T19:37:26Z,2342
2026-04-10T20:25:08Z,2342
2026-04-10T21:28:24Z,2342
2026-04-10T22:27:36Z,2342
2026-04-10T23:27:08Z,2342
2026-04-11T01:19:48Z,2342
2026-04-11T04:11:53Z,2342
2026-04-11T05:54:02Z,2342
2026-04-11T06:50:11Z,2342
2026-04-11T07:43:51Z,2342
2026-04-11T08:32:22Z,2342
2026-04-11T09:31:33Z,2342
2026-04-11T10:24:15Z,2342
2026-04-11T11:22:43Z,2342
2026-04-11T12:35:05Z,2342
2026-04-11T13:48:51Z,2342
2026-04-11T14:29:28Z,2342
2026-04-11T15:24:07Z,2342
2026-04-11T16:25:16Z,2342
2026-04-11T17:23:30Z,2344
2026-04-11T18:30:14Z,2344
2026-04-11T19:28:47Z,2344
2026-04-11T20:21:59Z,2344
2026-04-11T21:24:01Z,2344
2026-04-11T22:21:41Z,2344
2026-04-11T23:24:22Z,2344
2026-04-12T01:29:41Z,2344
2026-04-12T04:39:47Z,2344
2026-04-12T06:19:06Z,2344
2026-04-12T07:57:53Z,2344
2026-04-12T08:44:08Z,2344
2026-04-12T09:37:25Z,2344
2026-04-12T10:30:16Z,2344
2026-04-12T11:26:58Z,2344
2026-04-12T12:38:49Z,2344
2026-04-12T13:54:22Z,2344
2026-04-12T14:34:11Z,2344
2026-04-12T15:28:26Z,2344
2026-04-12T16:27:36Z,2344
2026-04-12T17:27:01Z,2344
2026-04-12T18:34:17Z,2344
2026-04-12T19:33:05Z,2344
2026-04-12T20:24:46Z,2344
2026-04-12T21:24:45Z,2344
2026-04-12T22:23:54Z,2344
2026-04-12T23:25:22Z,2344
2026-04-13T01:46:47Z,2344
2026-04-13T04:51:20Z,2344
2026-04-13T07:09:17Z,2344
2026-04-13T09:27:32Z,2344
2026-04-13T11:09:28Z,2344
2026-04-13T13:01:59Z,2346
2026-04-13T15:08:11Z,2346
2026-04-13T16:54:05Z,2346
2026-04-13T17:52:29Z,2346
2026-04-13T19:01:08Z,2346
2026-04-13T20:43:13Z,2346
2026-04-13T21:39:35Z,2346
2026-04-13T22:35:52Z,2346
2026-04-13T23:35:13Z,2346
2026-04-14T01:28:56Z,2346
2026-04-14T04:38:36Z,2346
2026-04-14T06:26:04Z,2346
2026-04-14T08:21:46Z,2346
2026-04-14T10:07:23Z,2346
2026-04-14T11:52:10Z,2346
2026-04-14T13:01:51Z,2346
2026-04-14T15:06:38Z,2346
2026-04-14T16:55:28Z,2350
2026-04-14T17:58:12Z,2350
2026-04-14T19:12:46Z,2350
2026-04-14T20:42:36Z,2350
2026-04-14T21:42:34Z,2350
2026-04-14T22:37:24Z,2350
2026-04-14T23:35:28Z,2350
2026-04-15T01:25:36Z,2350
2026-04-15T04:38:48Z,2350
2026-04-15T06:27:40Z,2350
2026-04-15T08:22:47Z,2350
2026-04-15T10:08:21Z,2350
2026-04-15T11:49:34Z,2350
2026-04-15T13:00:37Z,2350
2026-04-15T14:59:17Z,2350
2026-04-15T16:06:14Z,2350
2026-04-15T17:59:10Z,2350
2026-04-15T19:19:11Z,2350
2026-04-15T20:38:22Z,2350
2026-04-15T21:42:29Z,2350
2026-04-15T22:34:12Z,2350
2026-04-15T23:34:23Z,2350
2026-04-16T01:45:29Z,2350
2026-04-16T04:44:51Z,2350
2026-04-16T06:29:04Z,2350
2026-04-16T08:22:52Z,2350
2026-04-16T10:08:18Z,2350
2026-04-16T11:52:54Z,2350
2026-04-16T13:06:30Z,2350
2026-04-16T15:19:02Z,2350
2026-04-16T17:03:14Z,2350
2026-04-16T18:59:21Z,2350
2026-04-16T19:59:53Z,2350
2026-04-16T20:53:17Z,2350
2026-04-16T21:35:13Z,2350
2026-04-16T22:31:03Z,2350
2026-04-16T23:32:29Z,2350
2026-04-17T01:28:55Z,2350
2026-04-17T04:42:01Z,2350
2026-04-17T06:29:17Z,2350
2026-04-17T08:21:42Z,2350
2026-04-17T10:05:47Z,2350
2026-04-17T11:42:51Z,2350
2026-04-17T12:56:40Z,2350
2026-04-17T14:18:17Z,2350
2026-04-17T15:50:46Z,2350
2026-04-17T16:43:17Z,2350
2026-04-17T17:40:39Z,2350
2026-04-17T19:52:13Z,2350
2026-04-17T20:35:50Z,2350
2026-04-17T21:33:50Z,2350
2026-04-17T22:28:59Z,2350
2026-04-17T23:31:05Z,2350
2026-04-18T01:22:23Z,2350
2026-04-18T04:24:38Z,2350
2026-04-18T06:07:28Z,2350
2026-04-18T07:54:08Z,2351
2026-04-18T08:38:03Z,2351
2026-04-18T09:38:48Z,2351
2026-04-18T10:31:52Z,2351
2026-04-18T11:27:54Z,2351
2026-04-18T12:38:35Z,2351
2026-04-18T13:55:49Z,2351
2026-04-18T14:35:23Z,2351
2026-04-18T15:29:51Z,2351
2026-04-18T16:28:33Z,2351
2026-04-18T17:28:58Z,2351
2026-04-18T18:33:51Z,2351
2026-04-18T19:34:56Z,2351
2026-04-18T20:26:12Z,2353
2026-04-18T21:25:14Z,2353
2026-04-18T22:24:03Z,2353
2026-04-18T23:25:57Z,2353
2026-04-19T01:44:52Z,2353
2026-04-19T04:44:06Z,2353
2026-04-19T06:24:32Z,2353
2026-04-19T08:01:10Z,2353
2026-04-19T09:38:39Z,2353
2026-04-19T10:31:08Z,2353
2026-04-19T11:28:22Z,2353
2026-04-19T12:37:57Z,2353
2026-04-19T13:54:03Z,2353
2026-04-19T14:34:51Z,2353
2026-04-19T15:29:42Z,2353
2026-04-19T16:29:05Z,2353
2026-04-19T17:28:10Z,2353
2026-04-19T18:34:58Z,2353
2026-04-19T19:35:07Z,2353
2026-04-19T20:26:32Z,2353
2026-04-19T21:26:15Z,2353
2026-04-19T22:25:03Z,2353
2026-04-19T23:27:53Z,2353
2026-04-20T01:47:42Z,2353
2026-04-20T04:51:09Z,2353
2026-04-20T07:11:02Z,2353
2026-04-20T09:48:16Z,2353
2026-04-20T11:12:07Z,2353
2026-04-20T13:06:15Z,2353
2026-04-20T15:10:05Z,2353
2026-04-20T16:54:55Z,2353
2026-04-20T17:51:06Z,2353
2026-04-20T18:52:16Z,2353
2026-04-20T19:55:12Z,2353
2026-04-20T20:36:29Z,2353
2026-04-20T21:38:12Z,2353
2026-04-20T22:34:18Z,2353
2026-04-20T23:34:47Z,2353
2026-04-21T01:28:51Z,2353
2026-04-21T04:41:35Z,2353
2026-04-21T06:29:38Z,2353
2026-04-21T08:27:17Z,2354
2026-04-21T10:11:43Z,2354
2026-04-21T11:54:06Z,2354
2026-04-21T13:01:04Z,2354
2026-04-21T15:04:29Z,2354
2026-04-21T16:48:01Z,2354
2026-04-21T17:52:24Z,2354
2026-04-21T18:57:47Z,2354
2026-04-21T20:00:56Z,2354
2026-04-21T21:37:33Z,2354
2026-04-21T22:35:16Z,2354
2026-04-21T23:28:24Z,2354
2026-04-22T01:27:34Z,2354
2026-04-22T04:39:10Z,2354
2026-04-22T06:29:57Z,2354
2026-04-22T08:24:48Z,2354
2026-04-22T10:11:04Z,2354
2026-04-22T11:52:51Z,2354
2026-04-22T13:02:05Z,2354
2026-04-22T15:05:05Z,2354
2026-04-22T16:49:26Z,2354
2026-04-22T17:52:25Z,2354
2026-04-22T18:59:18Z,2354
2026-04-22T20:06:06Z,2354
2026-04-22T21:42:28Z,2354
2026-04-22T22:38:50Z,2354
2026-04-22T23:38:40Z,2354
2026-04-23T01:46:21Z,2354
2026-04-23T04:44:05Z,2354
2026-04-23T06:56:03Z,2354
2026-04-23T08:29:59Z,2354
2026-04-23T10:15:18Z,2354
2026-04-23T11:53:49Z,2354
2026-04-23T13:01:18Z,2354
2026-04-23T15:30:01Z,2354
2026-04-23T17:10:06Z,2354
2026-04-23T18:58:44Z,2354
2026-04-23T20:05:41Z,2354
2026-04-23T21:37:44Z,2354
2026-04-23T22:34:38Z,2354
2026-04-23T23:36:35Z,2354
2026-04-24T01:45:14Z,2354
2026-04-24T04:47:55Z,2354
2026-04-24T06:59:38Z,2354
2026-04-24T09:00:55Z,2354
2026-04-24T10:58:10Z,2354
2026-04-24T11:55:39Z,2354
2026-04-24T13:00:51Z,2354
2026-04-24T15:00:57Z,2354
2026-04-24T16:44:31Z,2354
2026-04-24T17:42:59Z,2354
2026-04-24T18:37:19Z,2354
2026-04-24T19:44:00Z,2354
2026-04-24T20:36:47Z,2354
2026-04-24T21:39:12Z,2354
2026-04-24T22:32:14Z,2355
2026-04-24T23:32:43Z,2356
2026-04-25T01:25:14Z,2356
2026-04-25T04:28:46Z,2356
2026-04-25T06:15:26Z,2356
2026-04-25T07:59:58Z,2356
2026-04-25T08:57:25Z,2356
2026-04-25T09:48:47Z,2356
2026-04-25T10:34:57Z,2356
2026-04-25T11:32:07Z,2356
2026-04-25T12:39:56Z,2356
2026-04-25T13:57:52Z,2356
2026-04-25T14:39:31Z,2356
2026-04-25T15:32:17Z,2356
2026-04-25T16:31:00Z,2356
2026-04-25T17:31:03Z,2356
2026-04-25T18:36:29Z,2356
2026-04-25T19:37:47Z,2356
2026-04-25T20:28:53Z,2356
2026-04-25T21:28:10Z,2356
2026-04-25T22:26:38Z,2356
2026-04-25T23:28:54Z,2356
2026-04-26T01:47:18Z,2356
2026-04-26T04:52:39Z,2356
2026-04-26T06:55:03Z,2356
2026-04-26T08:12:22Z,2356
2026-04-26T09:44:03Z,2356
2026-04-26T10:37:06Z,2356
2026-04-26T11:32:46Z,2356
2026-04-26T12:42:12Z,2356
2026-04-26T13:59:42Z,2356
2026-04-26T14:46:19Z,2356
2026-04-26T15:34:42Z,2356
2026-04-26T16:32:03Z,2356
2026-04-26T17:31:14Z,2356
2026-04-26T18:37:23Z,2356
2026-04-26T19:39:16Z,2356
2026-04-26T20:28:46Z,2356
2026-04-26T21:29:32Z,2356
2026-04-26T22:28:03Z,2356
2026-04-26T23:30:13Z,2356
2026-04-27T01:51:02Z,2358
2026-04-27T05:00:34Z,2358
2026-04-27T08:04:48Z,2360
2026-04-27T10:53:12Z,2360
2026-04-27T12:16:17Z,2362
2026-04-27T14:57:27Z,2362
2026-04-27T16:23:58Z,2362
2026-04-27T18:00:18Z,2362
2026-04-27T19:28:01Z,2362
2026-04-27T20:52:41Z,2362
2026-04-27T21:45:57Z,2362
2026-04-27T22:40:48Z,2362
2026-04-27T23:42:56Z,2362
2026-04-28T01:58:39Z,2362
2026-04-28T05:30:40Z,2362
2026-04-28T08:06:52Z,2362
2026-04-28T10:54:44Z,2362
2026-04-28T12:20:29Z,2362
2026-04-28T17:29:56Z,2364
2026-04-28T19:19:40Z,2364
2026-04-28T20:59:14Z,2364
2026-04-28T21:59:06Z,2364
2026-04-28T22:57:10Z,2364
2026-04-28T23:51:36Z,2364
2026-04-29T02:00:57Z,2364
2026-04-29T05:45:11Z,2366
2026-04-29T08:00:16Z,2366
2026-04-29T10:08:52Z,2366
2026-04-29T12:11:23Z,2366
2026-04-29T15:03:15Z,2366
2026-04-29T17:17:18Z,2366
2026-04-29T19:08:50Z,2366
2026-04-29T20:52:33Z,2367
2026-04-29T21:52:29Z,2367
2026-04-29T22:46:17Z,2367
2026-04-29T23:44:14Z,2367
2026-04-30T02:00:04Z,2367
2026-04-30T05:33:17Z,2367
2026-04-30T08:03:38Z,2367
2026-04-30T10:46:06Z,2367
2026-04-30T12:08:27Z,2367
2026-04-30T14:59:48Z,2367
2026-04-30T16:21:11Z,2367
2026-04-30T18:04:23Z,2367
2026-04-30T20:04:58Z,2367
2026-04-30T21:48:00Z,2367
2026-04-30T22:41:42Z,2367
2026-04-30T23:42:40Z,2367
2026-05-01T02:02:42Z,2367
2026-05-01T05:59:23Z,2367
2026-05-01T08:13:03Z,2367
2026-05-01T10:15:35Z,2367
2026-05-01T11:51:11Z,2367
2026-05-01T12:55:46Z,2367
2026-05-01T14:14:05Z,2367
2026-05-01T15:46:19Z,2367
2026-05-01T16:44:20Z,2367
2026-05-01T17:50:29Z,2367
2026-05-01T18:57:11Z,2367
2026-05-01T20:02:05Z,2367
2026-05-01T21:43:01Z,2367
2026-05-01T22:40:32Z,2367
2026-05-01T23:42:44Z,2367
2026-05-02T01:50:57Z,2367
2026-05-02T04:52:41Z,2367
2026-05-02T06:57:04Z,2367
2026-05-02T08:19:23Z,2367
2026-05-02T09:53:40Z,2367
2026-05-02T10:42:01Z,2367
2026-05-02T11:37:44Z,2367
2026-05-02T12:45:30Z,2367
2026-05-02T14:05:16Z,2367
2026-05-02T15:38:00Z,2367
2026-05-02T16:36:22Z,2367
2026-05-02T17:36:53Z,2367
2026-05-02T18:43:04Z,2367
2026-05-02T19:47:21Z,2367
2026-05-02T20:31:53Z,2367
2026-05-02T21:31:17Z,2367
2026-05-02T22:30:20Z,2367
2026-05-02T23:33:54Z,2367
2026-05-03T01:53:37Z,2367
2026-05-03T05:22:41Z,2367
2026-05-03T07:47:13Z,2367
2026-05-03T09:13:36Z,2367
2026-05-03T10:44:39Z,2367
2026-05-03T11:35:37Z,2367
2026-05-03T12:45:25Z,2367
2026-05-03T14:06:25Z,2367
2026-05-03T15:38:01Z,2367
2026-05-03T16:37:09Z,2367
2026-05-03T17:38:56Z,2367
2026-05-03T18:43:40Z,2367
2026-05-03T19:46:18Z,2367
2026-05-03T20:32:35Z,2367
2026-05-03T21:33:20Z,2367
2026-05-03T22:30:34Z,2367
2026-05-03T23:34:41Z,2367
2026-05-04T01:55:03Z,2367
2026-05-04T05:25:49Z,2367
2026-05-04T08:16:59Z,2368
2026-05-04T10:56:16Z,2368
2026-05-04T12:18:40Z,2368
2026-05-04T15:03:50Z,2368
2026-05-04T17:21:49Z,2368
2026-05-04T19:14:24Z,2368
2026-05-04T20:58:39Z,2370
2026-05-04T21:59:45Z,2374
2026-05-04T22:58:12Z,2377
2026-05-04T23:52:58Z,2377
2026-05-05T01:55:08Z,2377
2026-05-05T02:08:31Z,2377
2026-05-05T02:15:21Z,2377
2026-05-05T04:54:06Z,2377
2026-05-05T07:12:00Z,2377
2026-05-05T09:53:07Z,2377
2026-05-05T11:11:12Z,2377
2026-05-05T13:12:05Z,2377
2026-05-05T15:29:36Z,2377
2026-05-05T17:13:42Z,2377
2026-05-05T19:05:06Z,2379
2026-05-05T20:53:10Z,2399
2026-05-05T21:53:36Z,2401
2026-05-05T22:46:15Z,2419
2026-05-05T23:39:49Z,2419
2026-05-06T01:53:29Z,2419
2026-05-06T05:21:37Z,2421
2026-05-06T08:08:49Z,2421
2026-05-06T10:56:30Z,2421
2026-05-06T12:24:35Z,2422
2026-05-06T15:22:04Z,2423
2026-05-06T17:22:25Z,2423
2026-05-06T19:21:48Z,2424
2026-05-06T21:02:34Z,2425
2026-05-06T22:39:42Z,2425
2026-05-06T23:41:00Z,2425
2026-05-07T02:01:23Z,
2026-05-07T05:52:16Z,2425
2026-05-07T08:14:44Z,2425
2026-05-07T11:00:38Z,2425
2026-05-07T13:27:59Z,2425
2026-05-07T15:58:21Z,2425
2026-05-07T17:46:11Z,2425
2026-05-07T19:25:49Z,2425
2026-05-07T20:57:40Z,2425
2026-05-07T21:54:45Z,2425
2026-05-07T22:52:48Z,2425
2026-05-07T23:43:35Z,2425
2026-05-08T02:03:53Z,2425
2026-05-08T05:22:12Z,2425
2026-05-08T07:15:29Z,2425
2026-05-08T09:04:53Z,2426
2026-05-08T11:02:23Z,2426
2026-05-08T13:08:17Z,2426
2026-05-08T15:13:22Z,2426
2026-05-08T17:02:02Z,2426
2026-05-08T19:03:34Z,2426
2026-05-08T20:45:46Z,2438
2026-05-08T21:50:18Z,2438
2026-05-08T22:45:18Z,2438
2026-05-08T23:45:59Z,2453
2026-05-09T01:57:57Z,2453
2026-05-09T05:19:46Z,2453
2026-05-09T07:43:03Z,2453
2026-05-09T09:08:03Z,2453
2026-05-09T10:47:40Z,2453
2026-05-09T11:41:25Z,2453
2026-05-09T12:53:56Z,2453
2026-05-09T14:13:46Z,2453
2026-05-09T15:41:28Z,2453
2026-05-09T16:41:33Z,2453
2026-05-09T17:41:21Z,2453
2026-05-09T18:44:20Z,2453
2026-05-09T19:50:25Z,2453
2026-05-09T20:34:51Z,2453
2026-05-09T21:34:22Z,2453
2026-05-09T22:33:16Z,2453
2026-05-09T23:37:20Z,2453
2026-05-10T01:56:53Z,2453
2026-05-10T05:33:15Z,2453
2026-05-10T07:56:17Z,2453
2026-05-10T09:24:01Z,2453
2026-05-10T10:54:52Z,2453
2026-05-10T11:41:44Z,2453
2026-05-10T12:54:59Z,2453
2026-05-10T14:16:49Z,2453
2026-05-10T15:42:45Z,2453
2026-05-10T16:42:06Z,2453
2026-05-10T17:41:58Z,2453
2026-05-10T18:45:33Z,2453
2026-05-10T19:52:36Z,2454
2026-05-10T20:37:41Z,2455
2026-05-10T21:38:37Z,2455
2026-05-10T22:36:43Z,2455
2026-05-10T23:41:05Z,2455
2026-05-11T02:07:17Z,2455
2026-05-11T06:28:31Z,2456
2026-05-11T10:28:22Z,2457
2026-05-11T13:37:32Z,2458
2026-05-11T16:24:34Z,2459
2026-05-11T18:50:46Z,2459
2026-05-11T20:26:31Z,2460
2026-05-11T22:00:33Z,2460
2026-05-11T23:47:12Z,2460
2026-05-12T02:03:05Z,2460
2026-05-12T05:57:48Z,2461
2026-05-12T08:35:08Z,2461
2026-05-12T11:12:23Z,2462
2026-05-12T13:54:05Z,2463
2026-05-12T16:14:15Z,2463
2026-05-12T18:50:18Z,2464
2026-05-12T20:25:04Z,2464
2026-05-12T22:03:34Z,2467
2026-05-12T23:51:03Z,2467
2026-05-13T02:08:38Z,2468
2026-05-13T06:17:36Z,2469
2026-05-13T09:35:23Z,2470
2026-05-13T11:55:07Z,2470
2026-05-13T14:06:24Z,2471
2026-05-13T17:08:19Z,2472
2026-05-13T19:40:02Z,2472
2026-05-13T21:16:58Z,2473
2026-05-13T22:56:45Z,2473
2026-05-13T23:51:46Z,2473
2026-05-14T02:10:52Z,2474
2026-05-14T06:15:45Z,2475
2026-05-14T09:26:54Z,2476
2026-05-14T11:43:56Z,2476
2026-05-14T13:29:53Z,2477
2026-05-14T16:04:37Z,2477
2026-05-14T18:28:48Z,2478
2026-05-14T20:23:21Z,2478
2026-05-14T22:00:54Z,2479
2026-05-14T23:44:49Z,2479
2026-05-15T02:08:55Z,2480
2026-05-15T06:23:41Z,2481
2026-05-15T09:38:23Z,2482
2026-05-15T11:47:40Z,2482
2026-05-15T13:29:35Z,2483
2026-05-15T15:56:22Z,2483
2026-05-15T17:23:18Z,2484
2026-05-15T19:16:33Z,2484
2026-05-15T20:51:55Z,2484
2026-05-15T21:49:29Z,2485
2026-05-15T22:44:05Z,2485
2026-05-15T23:45:03Z,2485
2026-05-16T02:01:00Z,2486
2026-05-16T05:45:11Z,2487
2026-05-16T07:49:48Z,2487
2026-05-16T09:21:26Z,2487
2026-05-16T10:54:50Z,2488
2026-05-16T11:43:10Z,2488
2026-05-16T12:58:29Z,2488
2026-05-16T14:21:36Z,2491
2026-05-16T15:48:36Z,2491
2026-05-16T16:45:27Z,2491
2026-05-16T17:46:20Z,2492
2026-05-16T18:49:48Z,2492
2026-05-16T19:56:49Z,2492
2026-05-16T20:40:18Z,2492
2026-05-16T21:39:28Z,2492
2026-05-16T22:35:58Z,
2026-05-16T23:41:16Z,2493
2026-05-17T02:03:27Z,2494
2026-05-17T06:13:08Z,2495
2026-05-17T08:57:31Z,2496
2026-05-17T10:20:36Z,2496
2026-05-17T11:53:55Z,2496
2026-05-17T12:56:10Z,2497
2026-05-17T14:22:49Z,2497
2026-05-17T15:50:46Z,2498
2026-05-17T16:44:56Z,2498
2026-05-17T17:49:10Z,2498
2026-05-17T18:53:43Z,2498
2026-05-17T20:00:19Z,2499
2026-05-17T20:58:04Z,2499
2026-05-17T21:53:20Z,2499
2026-05-17T22:43:31Z,2499
2026-05-17T23:48:30Z,2500
2026-05-18T02:15:47Z,2500
2026-05-18T06:45:00Z,2503
2026-05-18T10:57:47Z,2507
2026-05-18T14:28:25Z,2508
2026-05-18T17:25:23Z,2508
2026-05-18T19:24:17Z,2509
2026-05-18T21:02:20Z,2509
2026-05-18T22:48:57Z,2510
2026-05-18T23:55:59Z,2510
2026-05-19T02:32:48Z,2512
2026-05-19T06:39:58Z,2514
2026-05-19T10:31:51Z,2515
2026-05-19T13:49:51Z,2516
2026-05-19T15:14:45Z,2526
2026-05-19T15:23:05Z,2526
2026-05-19T16:44:34Z,2526
2026-05-19T18:52:53Z,2527
2026-05-19T20:24:11Z,2527
2026-05-19T22:06:28Z,2528
2026-05-19T23:54:32Z,2528
2026-05-20T02:13:41Z,2531
2026-05-20T06:39:57Z,2532
2026-05-20T10:18:40Z,2533
2026-05-20T13:30:38Z,2534
2026-05-20T15:42:27Z,2534
2026-05-20T15:51:36Z,2534
2026-05-20T16:44:47Z,2534
2026-05-20T19:13:20Z,2535
2026-05-20T21:42:20Z,2536
2026-05-20T23:04:40Z,2536
2026-05-21T02:12:58Z,2552
2026-05-21T06:42:40Z,2553
2026-05-21T10:30:58Z,2555
2026-05-21T13:55:11Z,2556
2026-05-21T16:34:43Z,2561
2026-05-21T18:52:40Z,2562
2026-05-21T20:45:20Z,2562
2026-05-21T22:11:27Z,2563
2026-05-21T23:51:34Z,2563
2026-05-22T02:15:39Z,2564
2026-05-22T06:39:41Z,2567
2026-05-22T10:16:06Z,2572
2026-05-22T13:23:49Z,2573
2026-05-22T16:14:57Z,2573
2026-05-22T18:28:52Z,2574
2026-05-22T20:27:56Z,2574
2026-05-22T21:58:06Z,2587
2026-05-22T22:56:08Z,2587
2026-05-22T23:58:47Z,2587
2026-05-23T02:54:20Z,2592
2026-05-23T05:58:58Z,2593
2026-05-23T08:20:26Z,2593
2026-05-23T10:21:32Z,2594
2026-05-23T11:54:06Z,2594
2026-05-23T12:59:45Z,2595
2026-05-23T14:40:43Z,2596
2026-05-23T15:55:04Z,2596
2026-05-23T16:51:03Z,2597
2026-05-23T17:54:44Z,2597
2026-05-23T18:55:47Z,2597
2026-05-23T20:01:50Z,2597
2026-05-23T21:43:47Z,2598
2026-05-23T22:42:30Z,2598
2026-05-23T23:48:11Z,2598
2026-05-24T02:12:15Z,2599
2026-05-24T06:27:59Z,2600
2026-05-24T09:13:53Z,2602
2026-05-24T11:07:18Z,2602
2026-05-24T12:59:50Z,2603
2026-05-24T14:25:27Z,2603
2026-05-24T15:54:55Z,2603
2026-05-24T16:51:57Z,2603
2026-05-24T17:52:13Z,2604
2026-05-24T19:01:38Z,2604
2026-05-24T20:42:30Z,2604
2026-05-24T21:45:23Z,2604
2026-05-24T22:47:00Z,2605
2026-05-24T23:51:40Z,2605
2026-05-25T02:30:41Z,2606
2026-05-25T07:02:34Z,2607
2026-05-25T11:43:02Z,2609
2026-05-25T14:34:26Z,2612
2026-05-25T16:59:00Z,2612
2026-05-25T18:25:07Z,2613
2026-05-25T20:19:23Z,2613
2026-05-25T22:01:16Z,2627
2026-05-25T23:56:10Z,2630
2026-05-26T02:31:49Z,2631
2026-05-26T06:37:51Z,2632
2026-05-26T13:47:18Z,2634
2026-05-26T17:21:54Z,2634
2026-05-26T19:55:28Z,2635
2026-05-26T21:28:38Z,2636
2026-05-26T23:01:11Z,2636
2026-05-27T02:30:36Z,2637
2026-05-27T06:54:22Z,2639
2026-05-27T10:47:23Z,2641
2026-05-27T14:19:06Z,2642
2026-05-27T17:51:30Z,2643
2026-05-27T19:59:09Z,2643
2026-05-27T21:55:32Z,2644
2026-05-27T23:09:55Z,2644
2026-05-28T02:05:02Z,2645
2026-05-28T06:43:19Z,2646
2026-05-28T10:44:45Z,2647
2026-05-28T14:28:34Z,2649
2026-05-28T17:56:50Z,2650
2026-05-28T20:08:50Z,2650
2026-05-28T22:26:37Z,2651
2026-05-29T00:02:31Z,2651
2026-05-29T05:05:08Z,2652
2026-05-29T09:35:12Z,2654
2026-05-29T12:41:00Z,2655
2026-05-29T16:35:56Z,2656
2026-05-29T19:26:46Z,2656
2026-05-29T21:44:07Z,2657
2026-05-29T23:03:20Z,2657
2026-05-30T02:04:44Z,2659
2026-05-30T06:15:05Z,2660
2026-05-30T09:08:59Z,2661
2026-05-30T11:12:14Z,2661
2026-05-30T13:02:32Z,2662
2026-05-30T14:58:29Z,2662
2026-05-30T16:03:32Z,2662
2026-05-30T17:56:43Z,2663
2026-05-30T19:04:09Z,2664
2026-05-30T20:43:53Z,2664
2026-05-30T21:51:46Z,2665
2026-05-30T22:47:59Z,2665
2026-05-30T23:52:46Z,2665
2026-05-31T02:31:23Z,2666
2026-05-31T06:49:30Z,2667
2026-05-31T09:42:03Z,2668
2026-05-31T11:27:19Z,2668
2026-05-31T13:14:11Z,2671
2026-05-31T15:11:45Z,2671
2026-05-31T16:56:05Z,2671
2026-05-31T17:55:00Z,2672
2026-05-31T19:03:07Z,2672
2026-05-31T20:48:46Z,2678
2026-05-31T21:49:35Z,2679
2026-05-31T22:49:39Z,2679
2026-05-31T23:57:18Z,2679
2026-06-01T03:34:57Z,2680
2026-06-01T09:11:25Z,2682
2026-06-01T15:47:31Z,2683
2026-06-01T20:09:11Z,2688
2026-06-01T22:55:43Z,2689
2026-06-02T00:07:09Z,2691
2026-06-02T05:22:49Z,2693
2026-06-02T10:03:22Z,2694
2026-06-02T14:42:52Z,2695
2026-06-02T18:31:35Z,2699
2026-06-02T21:41:10Z,2702
2026-06-02T23:26:56Z,2702
2026-06-03T02:47:15Z,2703
2026-06-03T08:06:19Z,2704
2026-06-03T13:06:32Z,2706
2026-06-03T18:16:25Z,2707
2026-06-03T21:41:43Z,2708
2026-06-03T23:25:58Z,2708
2026-06-04T02:42:04Z,2709
2026-06-04T07:15:05Z,2710
2026-06-04T10:54:37Z,2711
2026-06-04T13:52:42Z,2712
2026-06-04T16:44:05Z,2712
2026-06-04T19:13:01Z,2713
2026-06-04T21:23:22Z,2713
2026-06-04T23:01:20Z,2714
2026-06-05T02:29:12Z,2714
2026-06-05T06:58:00Z,2716
2026-06-05T10:44:48Z,2717
2026-06-05T13:47:38Z,2717
2026-06-05T16:25:09Z,2718
2026-06-05T18:53:41Z,2718
2026-06-05T20:44:59Z,2719
2026-06-05T22:08:57Z,2719
2026-06-05T23:58:46Z,2719
2026-06-06T03:28:22Z,2720
2026-06-06T06:46:43Z,2721
2026-06-06T09:18:19Z,2722
2026-06-06T11:16:50Z,2722
2026-06-06T13:07:51Z,2725
2026-06-06T15:05:41Z,2725
2026-06-06T16:59:14Z,2726
2026-06-06T18:05:42Z,2726
2026-06-06T20:03:40Z,2726
2026-06-06T21:56:28Z,2727
2026-06-06T22:57:30Z,2727
2026-06-07T00:00:58Z,2727
2026-06-07T05:15:46Z,2741
2026-06-07T08:43:54Z,2742
2026-06-07T11:00:05Z,2743
2026-06-07T12:22:15Z,2743
2026-06-07T14:46:22Z,2744
2026-06-07T16:06:20Z,2746
2026-06-07T17:58:15Z,2747
2026-06-07T19:20:23Z,2747
2026-06-07T21:00:05Z,2747
2026-06-07T22:06:41Z,2747
2026-06-07T23:58:32Z,2748
2026-06-08T03:55:37Z,2749
2026-06-08T08:45:45Z,2750
2026-06-08T12:58:08Z,2751
2026-06-08T16:47:34Z,2752
2026-06-08T19:15:27Z,2752
2026-06-08T21:44:11Z,2753
2026-06-08T23:07:53Z,2753
2026-06-09T02:05:21Z,2754
2026-06-09T06:39:58Z,2755
2026-06-09T10:27:45Z,2756
2026-06-09T13:37:09Z,2757
2026-06-09T16:25:16Z,2758
2026-06-09T19:07:06Z,2759
2026-06-09T21:30:07Z,2759
2026-06-09T23:10:37Z,2760
2026-06-10T02:29:40Z,2761
2026-06-10T06:58:45Z,2766
2026-06-10T10:55:34Z,2768
2026-06-10T14:18:08Z,2769
2026-06-10T17:50:59Z,2770
2026-06-10T20:11:31Z,2770
2026-06-10T22:46:51Z,2771
2026-06-11T00:08:28Z,2771
2026-06-11T05:21:05Z,2772
2026-06-11T10:05:02Z,2774
2026-06-11T14:30:03Z,2775
2026-06-11T18:04:18Z,2776
2026-06-11T21:12:03Z,2778
2026-06-11T23:14:07Z,2779
2026-06-12T02:35:00Z,2781
2026-06-12T03:15:38Z,2788
2026-06-12T03:16:40Z,2788
2026-06-12T03:17:43Z,2788
2026-06-12T03:18:57Z,2788
2026-06-12T03:19:56Z,2788
2026-06-12T03:24:44Z,2788
2026-06-16T02:37:45Z,2859
2026-06-16T10:55:55Z,2861
2026-06-17T10:27:44Z,2871
2026-06-18T10:07:39Z,2881
2026-06-18T17:10:53Z,2882
2026-06-18T20:34:14Z,2883
2026-06-18T22:59:31Z,2884
2026-06-19T01:50:15Z,2885
2026-06-19T07:19:38Z,2886
2026-06-19T12:14:39Z,2887
2026-06-19T16:10:53Z,2889
2026-06-19T19:01:47Z,2890
2026-06-19T21:15:05Z,2891
2026-06-19T23:05:17Z,2891
2026-06-20T04:17:06Z,2895
2026-06-20T08:25:03Z,2896
2026-06-20T11:22:40Z,2896
2026-06-20T14:19:35Z,2897
2026-06-20T16:25:21Z,2897
2026-06-20T18:18:16Z,2898
2026-06-20T20:20:05Z,2900
2026-06-20T22:16:00Z,2901
2026-06-21T00:15:40Z,2901
2026-06-21T06:09:31Z,2903
2026-06-21T10:36:08Z,2910
2026-06-21T13:12:16Z,2910
2026-06-21T15:59:26Z,2911
2026-06-21T17:48:14Z,2911
2026-06-21T19:53:33Z,2911
2026-06-21T21:21:46Z,2912
2026-06-21T23:22:31Z,2912
2026-06-22T05:08:35Z,2916
2026-06-22T12:18:14Z,2918
2026-06-22T17:43:49Z,2920
2026-06-22T20:56:49Z,2920
2026-06-22T22:52:07Z,2921
2026-06-23T00:14:52Z,2921
2026-06-23T05:08:41Z,2922
2026-06-23T09:56:15Z,2923
2026-06-23T12:41:26Z,2924
2026-06-23T15:56:14Z,2927
2026-06-23T18:06:44Z,2928
2026-06-23T21:03:28Z,2929
2026-06-23T23:13:11Z,2935
2026-06-24T04:09:43Z,2936
2026-06-24T08:27:28Z,2938
2026-06-24T11:50:35Z,2939
2026-06-24T14:45:47Z,2940
2026-06-24T17:10:23Z,2940
2026-06-24T19:56:08Z,2941
2026-06-24T21:38:23Z,2941
2026-06-24T23:12:48Z,2941
2026-06-25T04:09:58Z,2942
2026-06-25T08:27:30Z,2944
2026-06-25T11:45:09Z,2944
2026-06-25T14:45:33Z,2945
2026-06-25T17:18:59Z,2948
2026-06-25T20:11:21Z,2948
2026-06-25T22:25:22Z,2949
2026-06-26T00:16:30Z,2949
2026-06-26T05:14:51Z,2950
2026-06-26T09:40:28Z,2953
2026-06-26T12:17:30Z,2954
2026-06-26T15:27:43Z,2955
2026-06-26T17:56:50Z,2955
2026-06-26T20:02:58Z,2956
2026-06-26T22:18:56Z,2956
2026-06-27T00:15:16Z,2957
2026-06-27T04:57:35Z,2957
2026-06-27T07:54:38Z,2959
2026-06-27T10:16:06Z,2960
2026-06-27T12:12:02Z,2960
2026-06-27T14:48:04Z,2961
2026-06-27T16:11:49Z,3225
2026-06-27T18:10:36Z,3624
2026-06-27T20:13:55Z,3628
2026-06-27T22:09:01Z,3628
2026-06-28T00:08:49Z,3630
2026-06-28T05:22:13Z,3631
2026-06-28T09:21:39Z,3632
2026-06-28T11:51:01Z,3632
2026-06-28T14:03:27Z,3633
2026-06-28T16:18:24Z,3633
2026-06-28T18:10:13Z,3634
2026-06-28T20:18:08Z,3640
2026-06-28T22:07:11Z,3640
2026-06-29T00:14:48Z,3641
2026-06-29T05:56:39Z,3648
2026-06-29T11:19:35Z,3650
2026-06-29T15:58:54Z,3651
2026-06-29T18:18:36Z,3651
2026-06-29T20:52:14Z,3652
2026-06-29T22:14:51Z,3654
2026-06-30T00:12:29Z,3655
2026-06-30T05:11:09Z,3658
2026-06-30T09:53:15Z,3659
2026-06-30T12:16:28Z,3660
2026-06-30T15:35:58Z,3660
2026-06-30T18:03:55Z,3661
2026-06-30T21:00:29Z,3662
2026-06-30T23:18:52Z,3662
2026-07-01T04:27:45Z,3672
2026-07-01T08:55:09Z,3673
2026-07-01T12:13:08Z,3674
2026-07-01T15:50:53Z,3675
2026-07-01T18:04:10Z,3676
2026-07-01T20:50:26Z,3676
2026-07-01T22:22:54Z,3676
2026-07-02T00:15:39Z,3677
2026-07-02T05:03:41Z,3678
2026-07-02T09:24:59Z,3679
2026-07-02T12:13:42Z,3680
2026-07-02T15:22:59Z,3681
2026-07-02T17:57:41Z,3681
2026-07-02T19:45:05Z,3682
2026-07-02T21:16:24Z,3682
2026-07-02T23:15:04Z,3684
2026-07-03T03:53:02Z,3688
2026-07-03T07:29:48Z,3689
2026-07-03T10:45:00Z,3689
2026-07-03T13:00:57Z,3690
2026-07-03T15:55:05Z,3691
2026-07-03T17:40:01Z,3691
2026-07-03T19:39:21Z,3691
2026-07-03T21:15:07Z,3692
2026-07-03T23:12:03Z,3692
2026-07-04T03:45:29Z,3693
2026-07-04T06:52:48Z,3694
2026-07-04T09:27:41Z,3695
2026-07-04T11:38:58Z,3695
2026-07-04T13:48:25Z,3696
2026-07-04T15:12:24Z,3696
2026-07-04T17:13:35Z,3697
2026-07-04T19:24:04Z,3697
2026-07-04T21:05:37Z,3697
2026-07-04T23:03:46Z,3698
2026-07-05T04:04:27Z,3699
2026-07-05T08:06:16Z,3700
2026-07-05T11:08:08Z,3701
2026-07-05T13:54:52Z,3701
2026-07-05T15:18:24Z,3702
2026-07-05T17:19:12Z,3702
2026-07-05T19:28:24Z,3702
2026-07-05T21:10:10Z,3703
2026-07-05T23:07:48Z,3703
2026-07-06T04:11:00Z,3721
2026-07-06T09:05:17Z,3722
2026-07-06T13:53:01Z,3723
2026-07-06T16:55:23Z,3724
2026-07-06T19:00:29Z,3725
2026-07-06T21:41:26Z,3725
2026-07-06T23:13:40Z,3725
2026-07-07T04:01:17Z,3727
2026-07-07T08:28:02Z,3728
2026-07-07T11:57:55Z,3729
2026-07-07T15:08:00Z,3730
2026-07-07T18:05:57Z,3732
2026-07-07T20:52:25Z,3733
2026-07-07T22:16:34Z,3733
2026-07-08T00:04:23Z,3734
2026-07-08T04:19:46Z,3735
2026-07-08T07:34:22Z,3736
2026-07-08T10:25:48Z,3736
2026-07-08T12:26:04Z,3737
2026-07-08T15:27:15Z,3737
2026-07-08T17:44:50Z,3741
2026-07-08T19:44:14Z,3744
2026-07-08T21:15:37Z,3747
2026-07-08T23:15:15Z,3747
2026-07-09T03:55:13Z,3756
2026-07-09T07:44:36Z,3757
2026-07-09T11:12:04Z,3758
2026-07-09T18:02:58Z,3761
2026-07-09T20:51:37Z,3762
2026-07-09T22:36:42Z,3776
2026-07-10T03:21:25Z,3779
2026-07-10T05:13:04Z,3781
2026-07-10T07:23:40Z,3782
2026-07-10T10:39:22Z,3783
2026-07-10T13:00:21Z,3784
2026-07-10T16:08:28Z,3786
2026-07-10T18:13:35Z,3787
2026-07-10T20:08:10Z,3787
2026-07-10T21:44:44Z,3788
2026-07-10T22:43:30Z,3788
2026-07-10T23:42:00Z,3788
2026-07-11T01:12:04Z,3789
2026-07-11T04:48:23Z,3792
2026-07-11T07:01:43Z,3792
2026-07-11T09:11:23Z,3794
2026-07-11T10:47:01Z,3794
2026-07-11T11:38:17Z,3794
2026-07-11T12:41:58Z,3794
2026-07-11T14:13:37Z,3795
2026-07-11T15:39:58Z,3795
2026-07-11T16:37:24Z,3795
2026-07-11T17:42:11Z,3795
2026-07-11T18:39:04Z,3796
2026-07-11T19:55:09Z,3796
2026-07-11T21:34:59Z,3796
2026-07-11T22:32:29Z,3797
2026-07-11T23:38:41Z,3797
2026-07-12T01:14:01Z,3797
2026-07-12T04:59:57Z,3798
2026-07-12T07:51:05Z,3800
2026-07-12T09:31:52Z,3800
2026-07-12T11:06:07Z,3800
2026-07-12T12:41:04Z,3801
2026-07-12T14:18:16Z,3801
2026-07-12T15:43:00Z,3801
2026-07-12T16:38:31Z,3802
2026-07-12T17:45:05Z,3802
2026-07-12T18:40:08Z,3803
2026-07-12T19:56:03Z,3803
2026-07-12T21:35:20Z,3804
2026-07-12T22:33:23Z,3804
2026-07-12T23:37:56Z,3805
2026-07-13T01:15:59Z,3806
2026-07-13T05:19:08Z,3811
2026-07-13T08:37:25Z,3813
2026-07-13T11:45:18Z,3815
2026-07-13T13:51:28Z,3816
2026-07-13T16:16:32Z,3816
2026-07-13T18:23:19Z,3817
2026-07-13T20:03:42Z,3817
2026-07-13T21:38:37Z,3817
2026-07-13T22:40:14Z,3818
2026-07-13T23:37:56Z,3818
2026-07-14T01:05:36Z,3818
2026-07-14T04:35:10Z,3819
2026-07-14T06:58:43Z,3820
2026-07-14T09:31:02Z,3821
2026-07-14T11:12:55Z,3822
2026-07-14T12:54:33Z,3822
2026-07-14T15:12:12Z,3823
2026-07-14T16:54:23Z,3824
2026-07-14T18:50:38Z,3825
2026-07-14T20:01:19Z,3825
2026-07-14T21:41:18Z,3825
2026-07-14T22:41:27Z,3825
2026-07-14T23:37:13Z,3833
2026-07-15T01:02:56Z,3833
2026-07-15T04:34:51Z,3834
2026-07-15T07:01:56Z,3835
2026-07-15T09:34:34Z,3835
2026-07-15T11:16:35Z,3836
2026-07-15T12:59:26Z,3836
2026-07-15T15:13:25Z,3837
2026-07-15T16:57:47Z,3837
2026-07-15T18:47:38Z,3837
2026-07-15T19:56:08Z,3838
2026-07-15T21:42:00Z,3838
2026-07-15T22:43:05Z,3838
2026-07-15T23:43:34Z,3839
2026-07-16T01:10:45Z,3839
2026-07-16T04:45:07Z,3846
2026-07-16T07:10:46Z,3846
2026-07-16T09:50:12Z,3848
2026-07-16T11:23:04Z,3848
2026-07-16T13:08:03Z,3849
2026-07-16T15:21:42Z,3849
2026-07-16T16:55:54Z,3850
2026-07-16T18:48:44Z,3850
2026-07-16T19:51:10Z,3851
2026-07-16T20:40:04Z,3851
2026-07-16T21:48:15Z,3851
2026-07-16T22:42:45Z,3851
2026-07-16T23:42:21Z,3852
2026-07-17T01:14:56Z,3853
2026-07-17T04:48:16Z,3856
2026-07-17T07:05:51Z,3858
2026-07-17T09:31:14Z,3861
2026-07-17T11:10:34Z,3861
2026-07-17T12:50:43Z,3862
2026-07-17T14:21:41Z,3862
2026-07-17T16:03:44Z,3863
2026-07-17T17:48:58Z,3865
2026-07-17T18:44:41Z,3867
2026-07-17T19:51:53Z,3868
2026-07-17T21:36:30Z,3868
2026-07-17T22:34:45Z,3868
2026-07-17T23:37:41Z,3868
2026-07-18T01:07:32Z,3869
2026-07-18T04:35:25Z,3870
2026-07-18T06:49:36Z,3870
2026-07-18T08:28:11Z,3871
2026-07-18T10:05:05Z,3871
2026-07-18T11:39:09Z,3871
2026-07-18T12:39:43Z,3872
2026-07-18T14:10:55Z,3872
2026-07-18T15:40:14Z,3872
2026-07-18T16:39:02Z,3872
2026-07-18T17:42:49Z,3872
2026-07-18T18:39:42Z,3873
2026-07-18T19:54:48Z,3873
2026-07-18T21:35:39Z,3873
2026-07-18T22:33:43Z,3873
2026-07-18T23:37:48Z,3874
2026-07-19T01:12:07Z,3877
2026-07-19T04:56:08Z,3878
2026-07-19T07:51:12Z,3880
2026-07-19T09:39:50Z,3881
2026-07-19T11:00:28Z,3881
2026-07-19T12:39:17Z,3882
2026-07-19T14:15:15Z,3882
2026-07-19T15:41:29Z,3882
2026-07-19T16:38:35Z,3882
2026-07-19T17:44:08Z,3883
2026-07-19T18:41:26Z,3883
2026-07-19T19:57:45Z,3884
2026-07-19T21:37:22Z,3884
2026-07-19T22:36:12Z,3885
2026-07-19T23:41:29Z,3885
2026-07-20T01:15:36Z,3885
2026-07-20T05:23:14Z,3886
2026-07-20T08:29:50Z,3887
2026-07-20T11:30:13Z,3888
2026-07-20T13:30:39Z,3890
2026-07-20T15:33:34Z,3891
2026-07-20T17:10:08Z,3891
2026-07-20T19:18:00Z,3891
2026-07-20T20:55:24Z,3892
2026-07-20T22:41:29Z,3892
2026-07-20T23:42:44Z,3892
2026-07-21T01:12:25Z,3893
2026-07-21T04:53:25Z,3893
2026-07-21T07:59:46Z,3894
2026-07-21T10:52:04Z,3895
2026-07-21T13:06:04Z,3895
2026-07-21T15:26:32Z,3896
2026-07-21T17:02:34Z,3896
2026-07-21T18:58:01Z,3897
2026-07-21T20:51:25Z,3897
2026-07-21T21:49:50Z,3897
2026-07-21T22:40:51Z,3898
2026-07-21T23:43:25Z,3899
2026-07-22T01:10:27Z,3900
2026-07-22T04:52:55Z,3903
2026-07-22T07:59:45Z,3904
2026-07-22T10:53:53Z,3905
2026-07-22T13:11:43Z,3907
2026-07-22T15:23:42Z,3908
2026-07-22T17:03:05Z,3908
2026-07-22T18:49:17Z,3908
2026-07-22T20:02:23Z,3908
2026-07-22T21:53:10Z,3909
2026-07-22T22:45:40Z,3909
2026-07-22T23:45:25Z,3909
2026-07-23T01:16:57Z,3909
2026-07-23T04:58:51Z,3910
2026-07-23T08:03:12Z,3911
2026-07-23T10:53:52Z,3912
2026-07-23T13:13:52Z,3912
2026-07-23T15:45:24Z,3914
2026-07-23T17:05:38Z,3914
2026-07-23T18:52:14Z,3915
2026-07-23T20:45:50Z,3915
2026-07-23T21:47:16Z,3915
2026-07-23T22:41:09Z,3916
2026-07-23T23:43:17Z,3916
2026-07-24T01:13:35Z,3916
2026-07-24T04:55:04Z,3917
2026-07-24T07:59:29Z,3918
2026-07-24T10:49:40Z,3919
2026-07-24T12:08:39Z,3919
2026-07-24T14:27:41Z,3919
2026-07-24T18:06:33Z,3920
2026-07-24T20:05:05Z,3922
2026-07-24T21:47:28Z,3923
2026-07-24T22:46:00Z,3923
2026-07-24T23:46:58Z,3925
2026-07-25T01:14:12Z,3926
2026-07-25T04:52:54Z,3926
2026-07-25T07:06:09Z,3927
2026-07-25T09:22:27Z,3927
2026-07-25T10:57:18Z,3928
2026-07-25T12:47:07Z,3928
2026-07-25T14:20:55Z,3929
2026-07-25T15:49:24Z,3929
2026-07-25T16:39:19Z,3929
2026-07-25T17:44:25Z,3929
2026-07-25T18:42:24Z,3929
2026-07-25T20:01:23Z,3929
2026-07-25T21:39:37Z,3930
2026-07-25T22:39:33Z,3930
2026-07-25T23:45:16Z,3930
2026-07-26T01:17:22Z,3931
2026-07-26T05:15:10Z,3939
2026-07-26T07:58:29Z,3939
2026-07-26T10:24:20Z,3940
2026-07-26T11:50:16Z,3940
2026-07-26T12:46:52Z,3940
2026-07-26T14:18:27Z,3941
2026-07-26T15:48:24Z,3941
2026-07-26T16:40:15Z,3941
2026-07-26T17:47:38Z,3941
2026-07-26T18:45:17Z,3942
2026-07-26T19:57:55Z,3942
2026-07-26T21:43:21Z,3942
2026-07-26T22:44:35Z,3942
2026-07-26T23:45:02Z,3943
2026-07-27T01:21:15Z,3943
2026-07-27T05:32:33Z,3946
2026-07-27T08:59:14Z,3947
2026-07-27T12:45:51Z,3949
2026-07-27T15:32:24Z,3949
2026-07-27T17:24:08Z,3951
2026-07-27T19:02:49Z,3951
2026-07-27T20:55:38Z,3951
2026-07-27T22:44:48Z,3952
2026-07-27T23:48:22Z,3952
2026-07-28T01:09:44Z,3952
2026-07-28T04:48:38Z,3953
2026-07-28T07:27:16Z,3955
2026-07-28T10:16:04Z,3955
2026-07-28T12:26:59Z,3956
2026-07-28T15:07:20Z,3957
2026-07-28T17:12:48Z,3957
2026-07-28T18:59:02Z,3957
2026-07-28T20:50:59Z,3958
2026-07-28T21:51:41Z,3958
2026-07-28T23:44:17Z,3959
2026-07-29T01:11:54Z,3959
2026-07-29T04:53:39Z,3960
2026-07-29T08:11:53Z,3961
2026-07-29T11:10:31Z,3961
2026-07-29T13:26:31Z,3962
2026-07-29T15:42:26Z,3962
2026-07-29T16:59:17Z,3963
2026-07-29T18:43:03Z,3963
2026-07-29T20:03:58Z,3963
2026-07-29T21:41:25Z,3964
2026-07-29T22:42:37Z,3964
2026-07-29T23:45:45Z,3964
2026-07-30T01:04:20Z,3965
2026-07-30T04:41:30Z,3965
2026-07-30T07:22:46Z,3966
2026-07-30T10:05:44Z,3969
2026-07-30T12:16:41Z,3969
2026-07-30T14:56:06Z,3970
2026-07-30T17:10:54Z,3970
2026-07-30T19:02:57Z,3971
2026-07-30T20:48:36Z,3971
2026-07-30T21:52:44Z,3972
2026-07-30T23:44:22Z,3972
2026-07-31T01:16:44Z,3972
2026-07-31T05:18:43Z,3973
2026-07-31T08:22:28Z,3975
2026-07-31T11:12:55Z,3976
2026-07-31T13:20:49Z,3976
2026-07-31T15:49:24Z,3977
2026-07-31T17:13:21Z,3977
2026-07-31T18:59:29Z,3978
2026-07-31T20:47:05Z,3978
2026-07-31T21:49:24Z,3978
2026-07-31T22:45:15Z,3978
2026-07-31T23:46:11Z,3979
2026-08-01T01:18:32Z,3979
2026-08-01T05:00:54Z,3980
2026-08-01T07:52:34Z,3981
2026-08-01T10:23:05Z,3981
2026-08-01T11:49:35Z,3981
2026-08-01T12:43:55Z,3982
2026-08-01T14:17:44Z,3984
2026-08-01T15:44:52Z,3984
2026-08-01T16:40:37Z,3984
2026-08-01T17:45:27Z,3985
2026-08-01T18:44:07Z,3985
2026-08-01T19:59:40Z,3985
2026-08-01T21:39:21Z,3985
2026-08-01T22:40:17Z,3985
2026-08-01T23:43:04Z,3986
2026-08-02T01:17:35Z,3986
2026-08-02T05:03:01Z,3987
2026-08-02T07:54:29Z,3991
2026-08-02T10:21:30Z,3992
2026-08-02T11:47:09Z,3992
2026-08-02T12:43:52Z,3993
2026-08-02T14:17:08Z,3993
2026-08-02T15:46:27Z,3993
2026-08-02T16:39:47Z,3993
2026-08-02T17:46:18Z,3994
2026-08-02T18:44:10Z,3994
2026-08-02T19:59:23Z,3994
2026-08-02T21:39:45Z,3994
2026-08-02T22:40:54Z,3995
2026-08-02T23:44:36Z,3995
2026-08-03T01:17:28Z,3995
2026-08-03T05:23:26Z,3996
2026-08-03T08:51:24Z,3997
2026-08-03T12:08:05Z,3998
2026-08-03T15:32:42Z,3999
2026-08-03T17:29:47Z,3999
2026-08-03T19:11:37Z,3999
2026-08-03T20:47:27Z,4000
2026-08-03T21:52:24Z,4000
2026-08-03T23:51:43Z,4000
2026-08-04T03:55:19Z,4001
2026-08-04T07:26:50Z,4002
2026-08-04T10:20:34Z,4003
2026-08-04T12:31:05Z,4003
2026-08-04T15:11:29Z,4004
2026-08-04T17:24:32Z,4005
2026-08-04T19:12:38Z,4005
2026-08-04T20:57:39Z,4005
2026-08-04T22:47:04Z,4006
2026-08-04T23:46:11Z,4006
2026-08-05T01:08:39Z,4006
2026-08-05T04:49:21Z,4007
2026-08-05T07:27:55Z,4008
2026-08-05T10:16:49Z,4009
2026-08-05T12:28:01Z,4009
2026-08-05T15:02:53Z,4010
2026-08-05T17:13:06Z,4010
2026-08-05T19:06:26Z,4011
2026-08-05T20:47:49Z,4011
2026-08-05T21:59:37Z,4011
2026-08-05T23:41:17Z,4012
2026-08-06T01:08:31Z,4012
2026-08-06T04:49:39Z,4013
2026-08-06T07:28:43Z,4013
2026-08-06T10:18:28Z,4014
2026-08-06T12:31:09Z,4015
2026-08-06T15:01:12Z,4015
2026-08-06T22:37:31Z,4017
2026-08-07T01:38:32Z,4018
2026-08-07T04:15:21Z,4018
2026-08-07T06:01:15Z,4019
2026-08-07T08:01:25Z,4019
2026-08-07T09:44:16Z,4019
2026-08-07T10:37:34Z,4020
2026-08-07T11:34:04Z,4020
2026-08-07T12:30:49Z,4020
2026-08-07T14:01:02Z,4020
2026-08-07T15:39:09Z,4021
2026-08-07T16:36:26Z,4021
2026-08-07T17:36:01Z,4021
2026-08-07T18:32:25Z,4021
2026-08-07T19:40:09Z,4022
2026-08-07T20:24:00Z,4022
2026-08-07T21:23:16Z,4022
2026-08-07T22:19:29Z,4022
2026-08-07T23:19:44Z,4022
2026-08-08T00:33:40Z,4023
2026-08-08T02:45:25Z,4023
2026-08-08T03:58:44Z,4024
2026-08-08T05:30:57Z,4024
2026-08-08T06:25:23Z,4024
2026-08-08T07:36:32Z,4024
2026-08-08T08:21:56Z,4025
2026-08-08T09:22:55Z,4025
2026-08-08T10:15:27Z,4025
2026-08-08T11:12:46Z,4025
2026-08-08T12:15:37Z,4026
2026-08-08T13:33:58Z,4026
2026-08-08T14:18:52Z,4026
2026-08-08T15:12:55Z,4026
2026-08-08T16:12:51Z,4026
2026-08-08T17:15:14Z,4027
2026-08-08T18:14:18Z,4027
2026-08-08T19:17:36Z,4027
2026-08-08T20:10:35Z,4027
2026-08-08T21:13:20Z,4027
2026-08-08T22:10:43Z,4028
2026-08-08T23:11:33Z,4028
2026-08-09T00:35:50Z,4028
2026-08-09T02:53:06Z,4031
2026-08-09T04:51:09Z,4031
2026-08-09T05:37:34Z,4031
2026-08-09T06:30:39Z,4031
2026-08-09T07:41:26Z,4032
2026-08-09T08:25:03Z,4032
2026-08-09T09:24:09Z,4032
2026-08-09T10:17:02Z,4032
2026-08-09T11:14:10Z,4033
2026-08-09T12:17:38Z,4033
2026-08-09T13:37:46Z,4033
2026-08-09T14:20:33Z,4033
2026-08-09T15:15:08Z,4034
2026-08-09T16:14:26Z,4034
2026-08-09T17:16:39Z,4034
2026-08-09T18:16:57Z,4034
2026-08-09T19:21:20Z,4034
2026-08-09T20:13:12Z,4035
2026-08-09T21:15:54Z,4035
2026-08-09T22:12:35Z,4035
2026-08-09T23:13:53Z,4035
2026-08-10T00:37:36Z,4035
2026-08-10T03:01:02Z,4036
2026-08-10T05:11:12Z,4037
2026-08-10T06:58:21Z,4037
2026-08-10T09:01:53Z,4038
2026-08-10T10:49:42Z,4038
2026-08-10T11:37:11Z,4038
2026-08-10T12:34:27Z,4039
2026-08-10T14:07:36Z,4039
2026-08-10T15:42:46Z,4039
2026-08-10T16:36:56Z,4040
2026-08-10T17:39:32Z,4040
2026-08-10T18:36:35Z,4040
2026-08-10T19:44:17Z,4053
2026-08-10T20:25:29Z,4058
2026-08-10T21:27:30Z,4058
2026-08-10T22:21:05Z,4058
2026-08-10T23:20:16Z,4058
2026-08-11T00:36:29Z,4059
2026-08-11T02:54:54Z,4059
2026-08-11T04:55:00Z,4062
2026-08-11T06:39:24Z,4062
2026-08-11T07:58:27Z,4062
2026-08-11T09:44:04Z,4063
2026-08-11T10:36:46Z,4063
2026-08-11T11:32:33Z,4063
2026-08-11T12:30:27Z,4064
2026-08-11T14:07:29Z,4064
2026-08-11T15:43:21Z,4065
2026-08-11T16:40:42Z,4065
2026-08-11T17:44:14Z,4065
2026-08-11T18:39:40Z,4065
2026-08-11T19:49:34Z,4066
2026-08-11T20:29:28Z,4066
2026-08-11T21:30:23Z,4066
2026-08-11T22:25:47Z,4066
2026-08-11T23:25:12Z,4066
2026-08-12T00:43:54Z,4067
2026-08-12T03:13:35Z,4067
2026-08-12T05:19:23Z,4068
2026-08-12T06:59:12Z,4068
2026-08-12T08:53:12Z,4070
2026-08-12T10:44:31Z,4070
2026-08-12T11:33:42Z,4071
2026-08-12T12:34:21Z,4071
2026-08-12T14:08:28Z,4071
2026-08-12T15:42:23Z,4072
2026-08-12T16:39:45Z,4072
2026-08-12T17:44:51Z,4072
2026-08-12T18:39:38Z,4072
2026-08-12T19:51:15Z,4073
2026-08-12T20:27:25Z,4073
2026-08-12T21:30:20Z,4073
2026-08-12T22:25:37Z,4073
2026-08-12T23:24:33Z,4073
2026-08-13T00:45:21Z,4074
2026-08-13T03:17:22Z,4074
2026-08-13T05:22:54Z,4075
2026-08-13T07:03:35Z,4075
2026-08-13T08:56:36Z,4076
2026-08-13T10:46:04Z,4076
2026-08-13T11:34:01Z,4076
2026-08-13T12:35:24Z,4077
2026-08-13T14:10:00Z,4077
2026-08-13T15:42:07Z,4077
2026-08-13T16:39:03Z,4078
2026-08-13T17:44:31Z,4078
2026-08-13T18:39:55Z,4078
2026-08-13T19:46:17Z,4078
2026-08-13T20:23:30Z,4078
2026-08-13T21:30:26Z,4079
2026-08-13T22:26:02Z,4079
2026-08-13T23:25:50Z,4079
2026-08-14T00:44:55Z,4080
2026-08-14T03:15:02Z,4080
2026-08-14T05:20:35Z,4081
2026-08-14T07:00:06Z,4081
2026-08-14T08:49:40Z,4082
2026-08-14T09:46:12Z,4082
2026-08-14T10:42:34Z,4082
2026-08-14T11:32:05Z,4082
2026-08-14T12:30:06Z,4083
2026-08-14T14:04:11Z,4083
2026-08-14T15:37:19Z,4084
2026-08-14T16:36:09Z,4084
2026-08-14T17:40:43Z,4084
2026-08-14T18:35:24Z,4084
2026-08-14T19:38:58Z,4084
2026-08-14T20:16:39Z,4085
2026-08-14T21:10:09Z,4086
2026-08-14T22:01:37Z,4087
2026-08-14T23:02:41Z,4087
2026-08-15T00:02:07Z,4088
2026-08-15T02:04:41Z,4088
2026-08-15T03:24:44Z,4089
2026-08-15T04:15:04Z,4089
2026-08-15T05:10:28Z,4089
2026-08-15T06:02:36Z,4089
2026-08-15T07:17:35Z,4090
2026-08-15T08:02:20Z,4090
2026-08-15T09:10:48Z,4090
2026-08-15T10:01:37Z,4090
2026-08-15T11:01:17Z,4091
2026-08-15T11:59:19Z,4091
2026-08-15T13:19:03Z,4092
2026-08-15T14:01:58Z,4092
2026-08-15T15:01:18Z,4092
2026-08-15T16:00:16Z,4093
2026-08-15T17:03:29Z,4093
2026-08-15T17:59:24Z,4093
2026-08-15T19:07:30Z,4093
2026-08-15T19:59:52Z,4093
2026-08-15T21:01:53Z,4094
2026-08-15T21:59:27Z,4094
2026-08-15T23:01:03Z,4094
2026-08-15T23:59:29Z,4094
2026-08-16T02:11:56Z,4095
2026-08-16T03:34:41Z,4095
2026-08-16T04:21:57Z,4095
2026-08-16T05:13:49Z,4096
2026-08-16T06:03:53Z,4096
2026-08-16T07:19:22Z,4096
2026-08-16T08:03:32Z,4096
2026-08-16T09:11:24Z,4097
2026-08-16T10:02:07Z,4097
2026-08-16T11:01:53Z,4097
2026-08-16T12:00:19Z,4097
2026-08-16T13:20:49Z,4098
2026-08-16T14:02:25Z,4099
2026-08-16T15:02:12Z,4099
2026-08-16T16:00:41Z,4101
2026-08-16T17:02:54Z,4101
2026-08-16T17:58:58Z,4101
2026-08-16T19:07:35Z,4102
2026-08-16T19:58:47Z,4102
2026-08-16T21:00:58Z,4102
2026-08-16T21:59:09Z,4102
2026-08-16T23:00:12Z,4102
2026-08-16T23:59:13Z,4103
2026-08-17T02:09:49Z,4103
2026-08-17T03:35:27Z,4104
2026-08-17T04:26:42Z,4104
2026-08-17T05:22:27Z,4104
2026-08-17T06:22:05Z,4104
2026-08-17T07:39:53Z,4104
2026-08-17T08:25:56Z,4105
2026-08-17T09:25:20Z,4105
2026-08-17T10:16:38Z,4105
2026-08-17T11:10:26Z,4105
2026-08-17T12:02:23Z,4105
2026-08-17T13:28:18Z,4106
2026-08-17T14:12:07Z,4106
2026-08-17T15:10:37Z,4106
2026-08-17T17:11:47Z,4107
2026-08-17T18:14:33Z,4107
2026-08-17T19:17:20Z,4107
2026-08-17T20:03:23Z,4107
2026-08-17T21:10:07Z,4107
2026-08-17T22:02:25Z,4107
2026-08-17T23:02:35Z,4108
2026-08-18T00:01:26Z,4108
2026-08-18T02:06:46Z,4109
2026-08-18T03:30:19Z,4110
2026-08-18T04:20:32Z,4110
2026-08-18T05:15:11Z,4110
2026-08-18T06:16:11Z,4110
2026-08-18T07:25:12Z,4111
2026-08-18T08:16:34Z,4111
2026-08-18T09:16:47Z,4111
2026-08-18T10:11:17Z,4111
2026-08-18T11:09:42Z,4111
2026-08-18T12:14:06Z,4112
2026-08-18T13:31:45Z,4112
2026-08-18T14:17:30Z,4112
2026-08-18T15:15:00Z,4112
2026-08-18T16:12:55Z,4112
2026-08-18T17:11:54Z,4112
2026-08-18T18:13:12Z,4113
2026-08-18T19:17:15Z,4113
2026-08-18T20:00:51Z,4113
2026-08-18T21:03:46Z,4113
2026-08-18T22:00:51Z,4113
2026-08-18T23:03:12Z,4113
2026-08-19T00:01:04Z,4114
2026-08-19T02:08:26Z,4114
2026-08-19T03:32:14Z,4114
2026-08-19T04:22:11Z,4115
2026-08-19T05:15:13Z,4115
2026-08-19T06:17:14Z,4115
2026-08-19T07:25:49Z,4115
2026-08-19T08:17:17Z,4116
2026-08-19T09:17:41Z,4117
2026-08-19T10:11:38Z,4117
2026-08-19T11:09:05Z,4117
2026-08-19T12:03:34Z,4117
2026-08-19T13:32:45Z,4118
2026-08-19T14:18:51Z,4118
2026-08-19T15:15:04Z,4118
2026-08-19T16:12:13Z,4118
2026-08-19T17:11:06Z,4118
2026-08-19T18:02:41Z,4118
2026-08-19T19:12:02Z,4119
2026-08-19T20:02:24Z,4119
2026-08-19T21:10:49Z,4119
2026-08-19T22:03:20Z,4119
2026-08-19T23:03:26Z,4119
2026-08-20T00:01:38Z,4120
2026-08-20T02:07:48Z,4120
2026-08-20T03:33:16Z,4120
2026-08-20T04:22:13Z,4121
2026-08-20T05:16:11Z,4121
2026-08-20T06:18:04Z,4121
2026-08-20T07:28:41Z,4121
2026-08-20T08:18:40Z,4122
2026-08-20T09:18:41Z,4122
2026-08-20T10:13:51Z,4122
2026-08-20T11:10:44Z,4122
2026-08-20T12:15:28Z,4123
2026-08-20T13:34:44Z,4123
2026-08-20T14:22:15Z,4123
2026-08-20T15:18:02Z,4125
2026-08-20T16:15:01Z,4126
2026-08-20T17:13:38Z,4126
2026-08-20T18:14:57Z,4126
2026-08-20T19:19:55Z,4126
2026-08-20T20:10:44Z,4126
2026-08-20T21:12:55Z,4127
2026-08-20T22:04:59Z,4127
2026-08-20T23:10:39Z,4127
2026-08-21T00:02:10Z,4127
2026-08-21T02:13:44Z,4128
2026-08-21T03:37:00Z,4128
2026-08-21T04:24:16Z,4128
2026-08-21T05:18:00Z,4129
2026-08-21T06:19:16Z,4129
2026-08-21T07:30:21Z,4129
2026-08-21T08:21:10Z,4129
2026-08-21T09:20:39Z,4130
